id,sex,有名人のファッションを参考にする,異性の目を気にする,奇抜なファッションが好き,TPOに気をつかう,体型をカバーできる服を買う,好きなブランドがある
1,男性,No,Yes,No,No,No,Yes
2,男性,No,No,No,No,Yes,No
3,女性,No,No,No,No,Yes,Yes
4,男性,No,Yes,No,No,No,Yes
5,男性,Yes,No,No,Yes,No,No
6,男性,No,No,No,No,No,No
7,男性,No,Yes,No,Yes,No,Yes
8,女性,No,No,No,No,Yes,Yes
9,女性,No,No,No,Yes,No,Yes
10,女性,Yes,No,No,No,No,Yes
11,男性,Yes,Yes,No,No,No,Yes
12,男性,No,No,No,No,No,Yes
13,男性,No,No,No,No,Yes,No
14,男性,No,No,No,Yes,No,No
15,男性,No,No,No,No,No,No
16,男性,No,No,No,No,Yes,Yes
17,男性,No,No,No,No,No,Yes
18,女性,No,No,No,Yes,No,Yes
19,男性,No,Yes,No,No,No,No
20,男性,Yes,No,No,No,No,No
21,男性,Yes,No,No,No,No,No
22,男性,No,No,No,No,No,Yes
23,男性,Yes,No,No,Yes,No,Yes
24,女性,No,No,No,Yes,No,No
25,男性,Yes,Yes,No,No,No,No
26,女性,No,No,No,No,No,Yes
27,男性,No,No,No,Yes,No,Yes
28,女性,No,No,No,No,Yes,No
29,男性,No,No,No,No,No,Yes
30,女性,No,No,No,Yes,No,No
31,男性,No,Yes,No,Yes,No,No
32,男性,Yes,No,No,Yes,No,Yes
33,女性,No,No,No,No,No,No
34,女性,No,No,No,Yes,No,Yes
35,男性,No,Yes,No,No,No,Yes
36,男性,No,Yes,No,Yes,No,No
37,男性,No,No,No,No,No,No
38,女性,No,No,Yes,Yes,Yes,Yes
39,女性,No,No,No,Yes,No,Yes
40,女性,No,No,No,Yes,Yes,No
41,女性,No,No,No,Yes,Yes,No
42,女性,No,No,No,No,No,Yes
43,女性,No,No,No,No,Yes,Yes
44,男性,No,No,No,No,No,No
45,男性,Yes,No,Yes,Yes,Yes,Yes
46,男性,No,Yes,No,Yes,No,No
47,女性,No,No,No,No,Yes,Yes
48,女性,No,No,No,No,No,Yes
49,男性,Yes,No,No,No,No,No
50,男性,No,Yes,No,Yes,No,No
51,女性,No,No,No,Yes,No,Yes
52,男性,No,No,No,No,No,No
53,男性,No,No,No,Yes,No,No
54,女性,No,No,No,No,Yes,Yes
55,女性,Yes,No,No,Yes,Yes,Yes
56,男性,No,No,No,Yes,No,No
57,女性,Yes,Yes,Yes,Yes,Yes,Yes
58,男性,No,No,No,Yes,No,Yes
59,男性,No,No,No,Yes,No,Yes
60,男性,No,Yes,No,Yes,No,No
61,男性,No,No,No,No,No,Yes
62,女性,No,No,No,Yes,No,Yes
63,女性,Yes,No,No,No,Yes,Yes
64,男性,No,No,No,Yes,No,No
65,男性,No,No,No,Yes,No,Yes
66,女性,No,No,No,No,No,No
67,女性,No,No,No,Yes,No,Yes
68,女性,No,No,No,No,No,Yes
69,女性,No,No,No,No,No,No
70,女性,No,No,No,Yes,No,No
71,女性,No,No,No,No,No,No
72,男性,No,Yes,No,Yes,No,Yes
73,男性,No,No,No,Yes,No,No
74,男性,No,No,No,No,No,Yes
75,男性,No,No,No,No,No,Yes
76,女性,No,No,No,Yes,No,Yes
77,男性,No,Yes,Yes,Yes,No,Yes
78,女性,Yes,No,No,Yes,No,Yes
79,男性,No,Yes,No,No,No,No
80,女性,No,No,No,Yes,Yes,No
81,女性,No,No,No,Yes,No,Yes
82,女性,Yes,No,Yes,Yes,No,Yes
83,男性,No,No,No,No,No,No
84,男性,No,No,No,No,No,Yes
85,女性,No,No,No,Yes,Yes,No
86,男性,No,No,No,No,No,Yes
87,女性,No,No,No,Yes,No,No
88,男性,No,No,No,Yes,Yes,No
89,女性,Yes,No,No,Yes,No,No
90,女性,No,No,No,Yes,No,Yes
91,男性,No,No,No,Yes,Yes,No
92,女性,No,No,No,No,No,No
93,男性,No,No,No,Yes,No,Yes
94,女性,No,No,No,Yes,No,No
95,女性,No,No,Yes,Yes,Yes,Yes
96,男性,No,No,No,Yes,No,No
97,男性,No,No,No,No,No,No
98,女性,No,No,No,No,No,No
99,女性,No,No,No,No,Yes,No
100,女性,No,No,No,Yes,No,No
101,男性,No,No,No,No,No,No
102,女性,No,No,No,Yes,Yes,Yes
103,女性,No,No,No,No,No,No
104,男性,No,No,No,Yes,No,No
105,女性,No,No,No,Yes,No,Yes
106,女性,Yes,No,Yes,Yes,No,Yes
107,女性,No,No,No,No,No,Yes
108,女性,No,No,No,No,No,No
109,男性,No,No,No,No,No,No
110,女性,No,No,No,Yes,Yes,No
111,男性,No,No,No,Yes,No,Yes
112,女性,No,No,No,No,No,No
113,男性,No,No,No,Yes,No,No
114,女性,No,No,No,No,No,No
115,女性,Yes,No,No,No,No,No
116,女性,Yes,No,No,No,No,Yes
117,女性,Yes,No,No,No,Yes,Yes
118,女性,No,No,No,No,Yes,No
119,男性,No,Yes,No,Yes,No,Yes
120,女性,Yes,No,Yes,Yes,No,No
121,女性,No,No,No,Yes,Yes,Yes
122,男性,No,No,No,Yes,No,No
123,女性,No,No,No,Yes,No,No
124,女性,Yes,No,Yes,Yes,No,Yes
125,男性,No,No,No,No,No,Yes
126,女性,No,No,No,Yes,No,Yes
127,女性,No,No,No,No,No,No
128,女性,Yes,No,No,Yes,No,No
129,男性,No,No,No,Yes,No,No
130,男性,No,Yes,No,Yes,No,No
131,女性,No,No,No,No,No,No
132,男性,Yes,No,No,No,No,No
133,男性,No,No,No,Yes,No,Yes
134,男性,No,No,No,No,No,No
135,女性,No,No,No,No,No,No
136,女性,No,No,No,Yes,No,No
137,男性,No,Yes,No,Yes,Yes,Yes
138,女性,No,No,No,No,No,Yes
139,女性,Yes,No,No,No,Yes,Yes
140,女性,No,No,No,Yes,Yes,No
141,女性,No,No,No,No,No,No
142,女性,No,No,No,No,Yes,No
143,女性,No,No,No,Yes,Yes,Yes
144,女性,No,No,No,Yes,No,No
145,女性,No,No,No,Yes,Yes,No
146,女性,No,No,No,No,No,No
147,男性,No,No,No,No,No,No
148,女性,No,No,No,Yes,No,No
149,女性,Yes,No,Yes,Yes,No,No
150,女性,No,No,No,Yes,No,No
151,女性,No,No,No,No,No,No
152,女性,No,No,No,Yes,No,No
153,男性,No,No,No,Yes,No,No
154,女性,Yes,No,Yes,Yes,No,No
155,女性,No,No,No,No,No,No
156,女性,No,No,No,No,No,No
157,女性,No,No,No,Yes,No,Yes
158,女性,No,No,No,No,No,Yes
159,女性,No,No,No,No,No,Yes
160,女性,No,No,No,Yes,Yes,No
161,男性,No,No,No,No,No,Yes
162,女性,No,No,No,No,No,No
163,男性,No,No,No,No,No,No
164,女性,No,No,No,Yes,No,Yes
165,女性,No,No,No,Yes,No,No
166,女性,No,No,No,No,No,Yes
167,女性,No,No,No,Yes,No,Yes
168,女性,No,No,No,No,Yes,No
169,女性,No,No,No,Yes,No,Yes
170,男性,No,No,No,Yes,No,No
171,男性,Yes,Yes,Yes,No,No,No
172,男性,Yes,No,No,Yes,Yes,Yes
173,女性,No,No,Yes,No,No,No
174,女性,No,No,No,Yes,No,Yes
175,女性,No,No,No,No,Yes,No
176,女性,Yes,No,Yes,Yes,No,Yes
177,女性,No,No,No,No,No,No
178,女性,No,No,No,No,No,No
179,男性,Yes,Yes,No,Yes,No,Yes
180,女性,Yes,Yes,No,Yes,Yes,Yes
181,女性,No,Yes,No,No,Yes,Yes
182,女性,Yes,No,No,Yes,No,Yes
183,女性,Yes,No,No,Yes,No,No
184,女性,No,No,No,Yes,Yes,No
185,男性,Yes,Yes,No,Yes,No,No
186,女性,Yes,No,No,No,Yes,Yes
187,男性,No,No,No,No,Yes,Yes
188,女性,No,No,No,Yes,No,No
189,男性,No,No,No,Yes,No,Yes
190,女性,No,No,No,No,No,Yes
191,女性,No,No,No,No,No,Yes
192,女性,No,No,No,Yes,Yes,Yes
193,男性,No,No,No,Yes,No,Yes
194,女性,Yes,No,No,No,Yes,Yes
195,女性,Yes,No,No,Yes,Yes,No
196,男性,No,Yes,No,No,No,No
197,女性,No,No,No,Yes,No,Yes
198,男性,No,No,No,No,No,Yes
199,男性,No,No,No,No,Yes,Yes
200,女性,No,No,No,Yes,No,No
201,女性,No,No,Yes,Yes,Yes,Yes
202,女性,No,No,No,No,Yes,No
203,女性,No,No,No,Yes,No,No
204,女性,Yes,No,Yes,No,No,Yes
205,女性,Yes,No,Yes,Yes,No,Yes
206,女性,No,No,No,No,No,Yes
207,女性,Yes,Yes,No,Yes,No,Yes
208,女性,No,No,No,Yes,Yes,No
209,男性,No,No,No,No,No,No
210,男性,No,Yes,No,Yes,No,Yes
211,女性,No,No,No,Yes,Yes,No
212,女性,No,Yes,No,Yes,Yes,No
213,女性,No,No,No,No,Yes,No
214,男性,No,No,No,No,No,No
215,女性,No,No,No,No,No,No
216,女性,No,No,No,Yes,Yes,No
217,女性,Yes,No,Yes,Yes,No,No
218,女性,No,No,No,Yes,Yes,No
219,女性,No,No,No,Yes,No,No
220,男性,No,No,No,No,No,Yes
221,女性,No,No,No,Yes,No,No
222,女性,No,No,No,Yes,No,No
223,男性,No,No,No,Yes,No,Yes
224,女性,No,No,No,Yes,Yes,No
225,男性,Yes,No,No,Yes,No,No
226,女性,No,No,No,No,Yes,No
227,女性,No,No,No,Yes,Yes,Yes
228,男性,No,No,No,Yes,No,No
229,男性,No,No,No,No,No,No
230,男性,No,No,No,No,No,Yes
231,女性,No,No,No,No,Yes,No
232,女性,No,No,No,No,No,No
233,男性,No,No,No,Yes,No,No
234,女性,Yes,No,No,Yes,No,No
235,女性,Yes,No,Yes,Yes,Yes,Yes
236,女性,No,No,No,Yes,No,Yes
237,女性,No,No,No,No,No,Yes
238,男性,No,No,No,Yes,No,Yes
239,女性,No,No,No,Yes,No,Yes
240,男性,No,No,No,Yes,No,Yes
241,男性,No,No,No,Yes,No,Yes
242,女性,No,No,No,Yes,Yes,No
243,男性,Yes,No,No,No,No,No
244,女性,No,No,No,Yes,No,Yes
245,男性,No,No,No,No,No,No
246,女性,No,No,No,No,No,No
247,女性,Yes,No,No,No,Yes,Yes
248,男性,No,Yes,No,Yes,No,No
249,女性,No,No,No,Yes,Yes,Yes
250,女性,No,No,No,Yes,Yes,Yes
251,男性,Yes,No,No,Yes,No,No
252,女性,No,No,No,Yes,No,No
253,女性,No,No,No,Yes,No,No
254,女性,Yes,No,No,No,No,No
255,女性,No,No,No,Yes,No,No
256,男性,No,No,Yes,Yes,No,Yes
257,女性,No,No,No,Yes,No,Yes
258,女性,No,No,No,No,No,Yes
259,女性,No,No,No,No,No,No
260,男性,No,No,No,Yes,No,Yes
261,女性,No,No,No,Yes,No,No
262,女性,No,No,No,Yes,Yes,Yes
263,女性,No,No,No,No,No,No
264,男性,No,No,No,Yes,No,Yes
265,男性,Yes,Yes,No,No,Yes,Yes
266,女性,No,No,No,Yes,No,No
267,女性,No,No,No,No,No,Yes
268,男性,No,No,No,Yes,No,Yes
269,男性,No,No,Yes,Yes,No,Yes
270,女性,No,No,No,No,No,No
271,女性,Yes,No,Yes,Yes,Yes,Yes
272,女性,Yes,No,No,No,Yes,No
273,男性,No,No,No,Yes,No,No
274,女性,No,No,No,No,No,Yes
275,女性,No,No,No,Yes,No,No
276,男性,No,No,No,No,No,Yes
277,男性,No,No,No,No,No,No
278,女性,No,No,No,Yes,No,No
279,女性,No,No,No,No,Yes,No
280,女性,No,No,No,No,No,Yes
281,女性,No,No,No,No,No,No
282,男性,No,Yes,Yes,No,No,No
283,女性,No,No,No,Yes,Yes,Yes
284,女性,No,No,No,Yes,No,Yes
285,男性,No,No,Yes,No,No,Yes
286,女性,Yes,No,Yes,No,Yes,Yes
287,女性,No,No,No,No,No,No
288,女性,Yes,No,Yes,Yes,No,Yes
289,女性,No,No,No,Yes,No,No
290,女性,Yes,No,No,Yes,No,No
291,女性,No,No,No,Yes,No,No
292,女性,No,No,No,No,No,No
293,女性,No,No,No,No,No,No
294,男性,No,No,Yes,No,No,Yes
295,女性,No,No,No,No,No,No
296,女性,No,No,Yes,Yes,No,Yes
297,女性,No,No,No,Yes,No,No
298,女性,Yes,No,No,Yes,No,No
299,女性,Yes,No,No,Yes,No,No
300,女性,Yes,No,No,No,No,No
301,女性,No,No,No,No,No,No
302,女性,No,No,No,Yes,Yes,No
303,女性,No,No,No,Yes,No,Yes
304,女性,Yes,Yes,No,Yes,Yes,Yes
305,男性,No,No,No,No,No,No
306,女性,No,No,No,Yes,No,Yes
307,女性,No,No,No,Yes,No,Yes
308,女性,No,No,No,Yes,Yes,Yes
309,男性,No,No,Yes,No,No,No
310,女性,No,No,No,Yes,No,No
311,女性,No,No,No,No,No,No
312,男性,No,No,Yes,No,Yes,Yes
313,女性,Yes,No,No,No,Yes,Yes
314,男性,Yes,No,No,Yes,Yes,No
315,女性,Yes,No,No,Yes,No,No
316,男性,No,No,No,Yes,No,No
317,男性,Yes,No,No,No,Yes,No
318,女性,No,No,No,Yes,No,No
319,男性,No,Yes,No,Yes,Yes,No
320,女性,No,No,No,Yes,Yes,No
321,女性,No,No,No,No,Yes,Yes
322,女性,Yes,No,No,Yes,Yes,No
323,男性,No,No,No,No,No,Yes
324,男性,No,No,No,No,No,Yes
325,女性,No,No,No,Yes,Yes,No
326,女性,No,No,No,No,No,No
327,男性,No,No,Yes,Yes,Yes,Yes
328,男性,No,Yes,No,Yes,No,Yes
329,男性,No,No,No,No,No,No
330,男性,No,No,No,Yes,No,Yes
331,女性,No,No,Yes,No,No,No
332,女性,No,No,No,Yes,No,Yes
333,女性,Yes,No,Yes,Yes,Yes,No
334,女性,No,No,No,Yes,No,No
335,女性,No,No,No,Yes,No,No
336,女性,No,No,No,Yes,No,Yes
337,女性,No,No,Yes,No,No,No
338,女性,Yes,No,No,Yes,No,No
339,男性,Yes,No,No,No,No,Yes
340,男性,No,No,No,No,No,No
341,女性,No,No,No,Yes,No,No
342,男性,No,No,No,No,No,No
343,女性,No,No,No,No,No,No
344,男性,No,Yes,No,No,No,Yes
345,男性,Yes,No,Yes,No,No,Yes
346,男性,No,No,No,No,No,Yes
347,男性,No,Yes,Yes,Yes,No,Yes
348,女性,Yes,No,No,No,No,No
349,女性,No,No,No,Yes,No,No
350,女性,No,No,Yes,Yes,Yes,No
351,男性,No,No,No,Yes,No,No
352,女性,No,No,No,Yes,No,No
353,男性,No,No,No,No,No,Yes
354,女性,No,No,No,Yes,No,No
355,女性,No,No,No,Yes,No,Yes
356,女性,No,No,No,No,Yes,Yes
357,女性,No,No,No,Yes,No,No
358,女性,No,No,No,No,No,No
359,女性,No,No,No,Yes,Yes,No
360,女性,No,Yes,No,Yes,No,Yes
361,女性,No,No,No,No,No,No
362,女性,No,No,No,Yes,No,No
363,女性,No,No,No,Yes,Yes,Yes
364,男性,No,Yes,Yes,No,Yes,Yes
365,男性,No,No,No,No,No,No
366,男性,No,No,No,Yes,No,Yes
367,女性,No,No,No,Yes,Yes,No
368,男性,No,No,No,No,No,No
369,女性,No,No,No,No,Yes,No
370,女性,Yes,No,No,Yes,Yes,Yes
371,女性,No,No,No,Yes,Yes,No
372,女性,Yes,Yes,No,Yes,No,Yes
373,男性,No,No,No,Yes,No,No
374,男性,No,No,No,No,No,No
375,女性,No,No,Yes,Yes,No,Yes
376,女性,No,No,No,No,Yes,No
377,女性,No,Yes,No,Yes,No,Yes
378,女性,No,No,No,Yes,No,Yes
379,女性,No,No,No,No,No,No
380,女性,No,No,No,No,No,No
381,女性,Yes,No,Yes,Yes,No,Yes
382,男性,No,No,No,Yes,No,No
383,女性,No,No,No,No,No,No
384,男性,No,No,No,Yes,Yes,No
385,女性,No,No,No,Yes,No,No
386,女性,No,No,No,Yes,No,No
387,女性,No,No,No,Yes,No,Yes
388,女性,No,No,No,No,No,No
389,女性,No,No,No,Yes,Yes,No
390,男性,No,No,No,No,No,Yes
391,女性,Yes,No,Yes,No,No,No
392,男性,No,Yes,No,Yes,No,Yes
393,女性,Yes,No,No,No,Yes,Yes
394,女性,No,No,No,No,No,No
395,男性,Yes,No,Yes,No,No,No
396,男性,No,No,No,Yes,No,Yes
397,女性,No,No,No,Yes,No,Yes
398,男性,No,No,No,Yes,No,Yes
399,男性,No,No,No,No,No,No
400,男性,No,No,No,No,No,No
401,女性,No,No,No,Yes,No,Yes
402,男性,No,No,Yes,No,No,No
403,男性,No,No,No,Yes,No,Yes
404,女性,No,No,Yes,Yes,No,Yes
405,女性,Yes,No,No,No,No,No
406,男性,No,Yes,No,No,No,Yes
407,女性,Yes,No,No,Yes,Yes,Yes
408,男性,No,No,No,No,No,Yes
409,女性,No,No,No,Yes,No,Yes
410,女性,No,No,No,No,No,Yes
411,男性,Yes,No,No,No,No,No
412,女性,No,No,No,No,No,No
413,女性,No,No,No,Yes,Yes,Yes
414,男性,No,No,Yes,No,No,Yes
415,女性,No,No,No,No,No,Yes
416,女性,Yes,No,No,No,Yes,No
417,男性,No,No,No,Yes,No,Yes
418,女性,No,No,No,Yes,Yes,No
419,男性,No,No,No,No,No,Yes
420,男性,Yes,No,No,Yes,No,Yes
421,男性,No,No,No,Yes,No,No
422,女性,Yes,No,No,Yes,No,No
423,女性,No,No,No,Yes,No,No
424,男性,No,Yes,No,Yes,No,Yes
425,女性,No,No,No,Yes,Yes,Yes
426,女性,Yes,Yes,No,Yes,No,Yes
427,女性,No,No,No,Yes,Yes,No
428,女性,No,No,No,Yes,No,Yes
429,女性,Yes,No,No,No,No,No
430,男性,No,Yes,No,No,No,No
431,女性,No,No,No,No,No,No
432,女性,No,No,Yes,Yes,No,No
433,女性,Yes,No,No,Yes,No,No
434,男性,No,No,No,No,No,No
435,男性,Yes,No,No,No,No,No
436,女性,No,No,No,Yes,No,No
437,女性,Yes,No,No,Yes,No,No
438,女性,No,No,No,No,No,No
439,女性,No,No,No,Yes,No,Yes
440,女性,No,No,No,Yes,No,No
441,男性,No,No,No,No,No,No
442,男性,No,No,No,Yes,No,No
443,女性,Yes,Yes,Yes,Yes,Yes,Yes
444,男性,No,No,No,No,No,Yes
445,女性,No,No,No,Yes,Yes,Yes
446,女性,No,Yes,No,Yes,No,No
447,女性,No,No,No,No,No,No
448,女性,No,No,No,Yes,Yes,Yes
449,男性,Yes,Yes,No,Yes,No,Yes
450,女性,No,Yes,Yes,Yes,No,Yes
451,女性,Yes,No,No,Yes,Yes,No
452,女性,No,No,No,Yes,No,Yes
453,女性,No,No,No,Yes,No,No
454,女性,No,No,No,Yes,No,No
455,女性,No,No,No,Yes,Yes,Yes
456,男性,Yes,No,No,No,No,Yes
457,男性,No,No,No,No,No,Yes
458,女性,No,No,No,Yes,No,No
459,男性,Yes,No,No,No,Yes,No
460,女性,No,No,No,Yes,No,No
461,女性,No,No,No,Yes,No,No
462,女性,No,No,No,Yes,No,No
463,男性,No,No,No,Yes,No,Yes
464,男性,No,No,No,No,No,Yes
465,女性,No,No,No,Yes,No,No
466,男性,No,No,No,No,No,No
467,女性,Yes,No,No,Yes,No,Yes
468,女性,No,No,No,Yes,No,Yes
469,女性,No,No,No,Yes,No,Yes
470,女性,No,No,No,Yes,No,Yes
471,男性,No,No,No,No,No,No
472,女性,No,No,No,No,Yes,No
473,男性,No,Yes,No,No,No,Yes
474,女性,Yes,Yes,No,Yes,Yes,No
475,男性,No,No,No,Yes,Yes,Yes
476,男性,No,No,No,No,No,No
477,女性,No,Yes,Yes,No,Yes,Yes
478,男性,Yes,Yes,No,Yes,No,Yes
479,女性,No,No,No,Yes,No,No
480,女性,No,No,No,Yes,Yes,Yes
481,女性,No,No,No,Yes,Yes,No
482,男性,No,No,No,Yes,No,Yes
483,男性,No,No,Yes,Yes,Yes,Yes
484,男性,Yes,No,No,Yes,No,Yes
485,男性,Yes,Yes,No,No,No,No
486,女性,No,No,No,Yes,No,No
487,女性,No,No,Yes,Yes,No,Yes
488,女性,No,No,No,Yes,No,No
489,女性,No,No,No,No,Yes,No
490,男性,No,No,No,No,No,Yes
491,男性,No,No,No,No,No,No
492,男性,No,No,No,Yes,No,No
493,女性,No,No,No,Yes,No,No
494,女性,No,No,No,No,Yes,No
495,男性,No,No,No,No,No,No
496,女性,No,No,No,No,No,No
497,男性,No,No,No,Yes,No,No
498,男性,Yes,No,Yes,No,No,No
499,女性,No,No,No,Yes,Yes,Yes
500,女性,Yes,No,No,No,Yes,No
501,男性,No,No,No,No,No,No
502,女性,No,No,No,Yes,No,No
503,女性,No,No,Yes,No,No,No
504,女性,No,No,Yes,Yes,No,No
505,男性,No,No,No,No,No,No
506,女性,No,No,Yes,No,Yes,No
507,女性,No,No,No,Yes,No,Yes
508,女性,No,No,No,No,No,No
509,女性,No,No,No,Yes,Yes,No
510,女性,Yes,No,No,No,Yes,No
511,男性,No,No,No,Yes,No,Yes
512,男性,No,Yes,Yes,No,No,No
513,女性,No,No,No,Yes,No,No
514,男性,No,No,No,No,No,No
515,女性,No,No,No,No,Yes,No
516,女性,No,No,No,No,Yes,Yes
517,男性,No,No,No,No,No,Yes
518,男性,Yes,Yes,Yes,Yes,Yes,Yes
519,男性,No,No,No,Yes,No,No
520,女性,No,No,No,No,Yes,No
521,女性,No,No,No,No,No,Yes
522,女性,No,No,Yes,Yes,No,No
523,女性,Yes,No,No,No,No,No
524,男性,No,No,Yes,Yes,No,No
525,女性,No,No,Yes,No,Yes,No
526,女性,No,No,No,Yes,No,Yes
527,女性,No,Yes,No,Yes,No,No
528,女性,No,No,No,No,No,No
529,女性,No,No,Yes,Yes,No,No
530,女性,No,No,No,Yes,No,Yes
531,女性,No,No,No,No,No,No
532,女性,No,No,No,No,No,No
533,女性,No,No,No,No,No,No
534,男性,No,No,No,No,No,No
535,女性,Yes,No,No,No,Yes,Yes
536,男性,No,No,No,No,No,Yes
537,女性,No,No,No,Yes,No,No
538,女性,No,No,No,No,No,Yes
539,男性,No,No,No,Yes,No,No
540,女性,No,Yes,No,Yes,No,No
541,女性,Yes,No,No,Yes,No,Yes
542,男性,Yes,Yes,No,Yes,No,Yes
543,女性,No,No,No,No,No,No
544,女性,No,No,No,Yes,No,No
545,男性,No,No,Yes,Yes,Yes,Yes
546,女性,Yes,No,No,No,No,No
547,女性,No,Yes,Yes,No,Yes,No
548,女性,Yes,No,No,Yes,Yes,Yes
549,女性,No,No,No,No,No,No
550,男性,No,No,No,No,No,Yes
551,女性,No,No,No,No,No,No
552,女性,No,No,No,Yes,No,No
553,男性,No,No,No,Yes,No,Yes
554,女性,Yes,No,No,No,No,No
555,男性,No,No,No,No,No,Yes
556,女性,No,No,No,No,No,No
557,女性,No,No,No,Yes,No,No
558,女性,Yes,No,No,No,No,No
559,男性,No,No,No,No,No,No
560,男性,No,No,No,Yes,No,No
561,女性,No,No,No,Yes,Yes,No
562,男性,Yes,No,No,No,No,Yes
563,女性,No,Yes,No,Yes,Yes,No
564,女性,No,No,Yes,Yes,No,No
565,女性,Yes,Yes,No,No,No,Yes
566,男性,No,No,No,Yes,Yes,No
567,女性,No,No,No,Yes,No,No
568,男性,Yes,No,No,No,No,Yes
569,男性,No,No,No,No,Yes,No
570,女性,Yes,Yes,No,Yes,No,No
571,女性,No,No,No,No,Yes,No
572,男性,No,No,No,No,No,Yes
573,女性,No,No,No,Yes,Yes,Yes
574,女性,No,Yes,No,Yes,No,No
575,女性,No,No,No,No,Yes,No
576,男性,No,No,Yes,No,No,No
577,男性,No,No,No,No,Yes,No
578,男性,No,Yes,Yes,Yes,No,Yes
579,男性,No,No,No,No,No,No
580,女性,No,Yes,No,Yes,No,No
581,男性,Yes,No,No,Yes,No,No
582,女性,No,No,No,No,No,Yes
583,女性,Yes,No,No,Yes,Yes,No
584,女性,No,Yes,No,No,No,No
585,女性,Yes,No,No,Yes,Yes,No
586,男性,Yes,Yes,Yes,Yes,No,Yes
587,女性,No,No,No,No,No,Yes
588,男性,No,No,No,No,No,Yes
589,女性,No,No,No,Yes,No,No
590,女性,Yes,No,Yes,Yes,Yes,Yes
591,男性,No,No,Yes,No,No,Yes
592,男性,No,No,No,Yes,No,Yes
593,女性,No,No,No,No,Yes,No
594,男性,No,No,No,No,No,No
595,男性,No,No,No,Yes,No,Yes
596,女性,Yes,Yes,Yes,No,Yes,Yes
597,女性,No,No,No,Yes,No,Yes
598,男性,Yes,Yes,No,Yes,No,Yes
599,男性,No,No,No,Yes,No,Yes
600,女性,No,No,No,Yes,No,No
601,女性,No,No,No,No,No,No
602,女性,No,No,No,Yes,Yes,No
603,男性,No,No,No,No,No,No
604,男性,Yes,Yes,No,Yes,No,No
605,女性,No,No,No,Yes,No,No
606,男性,No,No,No,No,No,No
607,女性,Yes,No,No,Yes,Yes,Yes
608,女性,No,No,No,No,Yes,No
609,女性,No,No,No,Yes,Yes,No
610,女性,No,No,No,No,No,No
611,女性,No,Yes,Yes,Yes,Yes,No
612,女性,No,No,No,Yes,No,No
613,男性,No,No,No,No,No,No
614,女性,No,Yes,No,No,Yes,No
615,女性,No,No,No,No,No,Yes
616,女性,No,No,No,No,No,No
617,女性,No,No,No,Yes,No,Yes
618,男性,Yes,No,No,Yes,No,No
619,女性,No,No,No,Yes,No,No
620,女性,No,No,No,Yes,No,Yes
621,女性,No,No,No,No,Yes,No
622,男性,No,No,No,No,No,Yes
623,女性,No,No,No,No,No,No
624,女性,No,No,No,Yes,No,Yes
625,男性,No,No,No,No,No,No
626,女性,No,No,No,No,No,Yes
627,男性,No,No,No,No,Yes,Yes
628,女性,Yes,No,No,No,No,Yes
629,女性,No,No,No,No,No,Yes
630,女性,No,No,No,Yes,No,Yes
631,女性,Yes,No,No,Yes,No,Yes
632,男性,No,No,No,Yes,No,No
633,女性,No,No,No,Yes,No,No
634,男性,No,No,No,No,No,Yes
635,女性,No,No,No,Yes,No,No
636,女性,No,No,No,Yes,Yes,Yes
637,男性,No,No,No,No,No,No
638,女性,Yes,Yes,No,Yes,No,Yes
639,女性,No,No,No,Yes,Yes,Yes
640,男性,No,No,No,Yes,No,No
641,女性,No,No,No,Yes,No,No
642,女性,No,No,No,Yes,No,Yes
643,女性,No,No,No,Yes,No,Yes
644,女性,Yes,No,No,Yes,No,Yes
645,女性,No,No,No,No,No,No
646,男性,No,No,No,Yes,No,No
647,男性,Yes,No,Yes,No,No,Yes
648,女性,No,No,No,No,No,No
649,女性,Yes,No,No,Yes,No,Yes
650,女性,No,No,No,No,No,No
651,女性,No,No,No,No,No,No
652,女性,No,No,Yes,Yes,No,No
653,女性,No,No,No,No,No,Yes
654,男性,Yes,No,No,No,No,No
655,女性,No,No,Yes,No,No,Yes
656,女性,No,No,Yes,Yes,No,Yes
657,女性,No,No,No,Yes,No,No
658,女性,No,No,No,No,Yes,No
659,女性,No,No,No,Yes,No,Yes
660,女性,No,No,No,No,No,No
661,女性,No,Yes,Yes,No,Yes,Yes
662,女性,No,No,No,No,No,No
663,男性,Yes,No,No,No,No,No
664,男性,No,No,No,Yes,No,No
665,男性,No,No,No,Yes,No,No
666,女性,No,No,No,No,Yes,No
667,女性,No,No,No,No,No,Yes
668,男性,Yes,Yes,No,No,No,Yes
669,男性,No,No,No,No,No,No
670,女性,No,No,No,No,No,No
671,女性,Yes,No,Yes,No,No,Yes
672,女性,No,No,No,Yes,No,No
673,女性,No,No,No,No,No,No
674,女性,No,No,No,No,No,No
675,女性,No,No,Yes,Yes,No,No
676,女性,No,No,No,No,No,No
677,男性,No,Yes,No,Yes,No,No
678,女性,No,No,No,Yes,No,Yes
679,女性,Yes,No,No,Yes,Yes,Yes
680,女性,No,No,No,No,No,No
681,男性,No,No,No,No,No,Yes
682,男性,No,No,No,No,No,No
683,男性,No,No,No,Yes,No,No
684,男性,No,No,No,No,No,No
685,女性,No,No,No,Yes,Yes,No
686,女性,No,No,No,Yes,No,No
687,女性,Yes,No,No,Yes,Yes,No
688,女性,Yes,Yes,No,Yes,Yes,No
689,女性,Yes,No,No,Yes,No,Yes
690,男性,No,No,No,No,No,No
691,男性,No,No,No,Yes,No,No
692,男性,Yes,Yes,Yes,No,No,Yes
693,女性,No,No,No,No,No,No
694,女性,No,No,Yes,Yes,No,Yes
695,男性,Yes,Yes,Yes,No,No,No
696,女性,No,No,No,No,No,No
697,女性,No,No,No,No,No,No
698,女性,No,No,No,No,No,No
699,女性,No,No,No,No,Yes,No
700,男性,Yes,No,Yes,Yes,No,Yes
701,男性,Yes,Yes,No,No,Yes,Yes
702,女性,No,No,No,No,Yes,No
703,女性,No,No,No,Yes,No,No
704,女性,Yes,No,No,Yes,No,No
705,女性,No,No,No,Yes,Yes,No
706,女性,No,No,No,No,No,No
707,男性,Yes,No,No,No,No,No
708,男性,No,No,No,No,No,No
709,女性,No,No,No,No,No,Yes
710,男性,No,No,No,Yes,No,No
711,女性,No,No,No,No,No,No
712,男性,No,Yes,No,Yes,No,No
713,男性,No,No,No,No,No,Yes
714,男性,No,Yes,No,No,No,Yes
715,女性,No,No,No,Yes,No,No
716,男性,Yes,Yes,No,Yes,No,No
717,女性,No,No,No,Yes,Yes,No
718,女性,No,No,No,Yes,No,No
719,女性,No,No,No,No,No,No
720,女性,Yes,No,Yes,Yes,No,No
721,女性,No,No,No,No,Yes,Yes
722,女性,No,No,No,Yes,Yes,No
723,男性,No,No,No,No,No,No
724,男性,No,No,No,No,No,Yes
725,男性,No,No,No,Yes,No,Yes
726,女性,No,No,No,No,No,No
727,男性,No,No,No,No,No,No
728,女性,No,No,No,No,No,No
729,男性,No,Yes,No,No,Yes,No
730,女性,Yes,No,No,Yes,No,No
731,男性,No,No,No,No,No,Yes
732,男性,No,No,No,No,Yes,No
733,女性,No,No,No,Yes,No,No
734,女性,No,No,No,Yes,Yes,No
735,女性,No,No,Yes,No,Yes,No
736,女性,No,No,No,Yes,No,No
737,女性,No,No,No,Yes,No,Yes
738,男性,Yes,No,No,No,No,No
739,女性,No,No,No,No,Yes,No
740,女性,Yes,No,No,Yes,No,Yes
741,男性,Yes,Yes,No,No,No,No
742,女性,No,No,No,Yes,No,No
743,女性,No,No,No,No,Yes,Yes
744,女性,No,No,Yes,Yes,Yes,Yes
745,女性,No,No,No,Yes,No,Yes
746,女性,Yes,Yes,Yes,No,Yes,No
747,女性,No,No,No,No,Yes,No
748,女性,No,No,No,Yes,Yes,Yes
749,男性,Yes,No,No,No,No,No
750,男性,No,No,No,No,No,No
751,女性,Yes,No,No,No,Yes,Yes
752,女性,No,No,No,Yes,Yes,No
753,女性,No,No,No,Yes,No,Yes
754,男性,No,Yes,No,Yes,No,Yes
755,女性,No,No,No,Yes,No,No
756,男性,No,No,No,No,No,Yes
757,男性,No,Yes,No,Yes,No,Yes
758,女性,No,No,No,No,Yes,Yes
759,男性,No,Yes,No,Yes,No,No
760,男性,No,No,No,Yes,No,Yes
761,男性,Yes,No,Yes,Yes,No,Yes
762,女性,No,Yes,Yes,No,Yes,No
763,女性,No,No,No,Yes,Yes,No
764,女性,No,No,No,Yes,No,Yes
765,女性,No,No,No,No,No,No
766,女性,No,Yes,No,Yes,No,No
767,男性,Yes,Yes,Yes,Yes,No,No
768,男性,No,Yes,No,No,No,No
769,男性,Yes,No,No,Yes,No,No
770,男性,No,Yes,No,No,No,No
771,女性,No,No,Yes,Yes,No,Yes
772,女性,No,No,No,Yes,Yes,Yes
773,男性,No,No,No,No,No,No
774,女性,No,No,No,No,Yes,No
775,女性,Yes,No,No,No,No,No
776,女性,No,No,No,No,No,No
777,女性,No,No,Yes,Yes,Yes,Yes
778,女性,No,No,No,Yes,Yes,No
779,男性,No,No,No,No,No,No
780,男性,No,Yes,No,Yes,No,No
781,女性,No,Yes,Yes,Yes,No,No
782,女性,Yes,No,Yes,Yes,No,No
783,女性,No,No,No,No,No,No
784,女性,No,No,No,Yes,No,No
785,男性,No,No,Yes,No,No,No
786,女性,Yes,No,No,Yes,No,Yes
787,男性,No,No,No,No,No,Yes
788,女性,No,No,Yes,No,No,No
789,女性,No,Yes,No,Yes,No,Yes
790,女性,No,No,No,Yes,No,Yes
791,男性,No,Yes,No,No,No,Yes
792,女性,No,No,No,Yes,Yes,Yes
793,男性,Yes,No,No,No,No,No
794,女性,No,No,No,Yes,Yes,No
795,女性,Yes,No,No,No,No,Yes
796,女性,Yes,No,No,No,Yes,Yes
797,女性,No,No,No,Yes,Yes,Yes
798,女性,No,No,No,Yes,Yes,No
799,男性,No,No,No,Yes,No,Yes
800,女性,Yes,Yes,No,Yes,Yes,Yes
801,女性,No,No,No,Yes,Yes,No
802,女性,Yes,Yes,No,Yes,No,Yes
803,男性,No,No,No,No,No,No
804,女性,No,No,No,No,No,No
805,女性,No,No,No,Yes,No,No
806,女性,No,No,No,No,Yes,Yes
807,女性,No,No,No,Yes,Yes,No
808,女性,No,No,No,No,No,No
809,女性,No,No,No,Yes,No,Yes
810,男性,No,No,No,No,No,Yes
811,女性,No,No,No,No,No,No
812,女性,No,No,No,No,No,Yes
813,男性,Yes,No,No,No,Yes,No
814,女性,No,No,No,Yes,Yes,Yes
815,女性,No,No,No,Yes,No,No
816,女性,No,Yes,No,Yes,No,Yes
817,女性,No,No,Yes,Yes,No,Yes
818,女性,No,No,No,Yes,Yes,No
819,女性,No,No,No,No,No,Yes
820,男性,No,No,No,Yes,No,Yes
821,男性,No,Yes,Yes,Yes,No,No
822,女性,No,No,No,Yes,No,No
823,女性,No,No,No,No,No,Yes
824,女性,Yes,Yes,Yes,Yes,No,Yes
825,女性,No,No,Yes,No,No,No
826,男性,No,No,No,Yes,No,Yes
827,男性,No,No,Yes,Yes,No,No
828,女性,No,No,No,No,No,Yes
829,女性,No,No,No,No,No,Yes
830,男性,No,No,No,Yes,No,No
831,男性,No,Yes,No,Yes,No,No
832,女性,No,No,No,No,No,No
833,女性,No,No,No,No,No,Yes
834,男性,No,No,No,No,No,Yes
835,男性,No,Yes,No,No,No,No
836,男性,No,No,No,No,No,No
837,女性,No,No,No,Yes,No,No
838,男性,No,No,No,Yes,No,No
839,女性,No,No,Yes,Yes,No,No
840,男性,No,No,No,Yes,No,No
841,女性,No,No,No,Yes,No,No
842,女性,No,No,No,No,No,No
843,女性,No,No,No,No,No,No
844,男性,No,No,No,No,No,No
845,女性,No,No,No,No,No,No
846,女性,Yes,No,No,No,Yes,No
847,女性,No,No,No,Yes,No,Yes
848,女性,No,No,No,No,No,No
849,男性,No,No,No,No,No,No
850,女性,No,No,No,Yes,Yes,No
851,女性,No,No,No,Yes,No,Yes
852,男性,No,No,No,No,No,No
853,女性,Yes,No,Yes,No,Yes,No
854,男性,Yes,Yes,Yes,Yes,No,No
855,男性,Yes,Yes,No,Yes,No,No
856,女性,No,No,No,Yes,No,No
857,女性,No,No,No,Yes,No,No
858,女性,No,No,No,Yes,No,No
859,女性,No,No,No,Yes,No,Yes
860,女性,No,No,No,No,No,No
861,女性,No,Yes,No,Yes,Yes,Yes
862,女性,Yes,No,No,No,No,No
863,女性,No,No,Yes,Yes,No,Yes
864,女性,Yes,No,No,Yes,No,Yes
865,男性,No,No,No,Yes,No,No
866,男性,No,No,No,No,No,No
867,男性,No,No,Yes,Yes,No,No
868,女性,No,No,No,Yes,No,No
869,女性,No,No,No,Yes,No,No
870,女性,No,No,No,Yes,No,Yes
871,女性,No,No,No,No,Yes,Yes
872,女性,No,No,Yes,Yes,Yes,No
873,女性,Yes,No,Yes,No,No,Yes
874,男性,No,No,No,Yes,No,No
875,女性,Yes,No,No,Yes,No,Yes
876,女性,No,No,No,Yes,No,Yes
877,女性,No,No,No,Yes,No,No
878,女性,No,No,Yes,Yes,Yes,No
879,女性,No,Yes,No,Yes,No,No
880,女性,No,No,No,No,No,No
881,女性,No,No,No,Yes,Yes,No
882,男性,No,No,Yes,Yes,No,Yes
883,女性,No,No,No,Yes,No,No
884,男性,Yes,Yes,No,Yes,No,Yes
885,女性,No,No,No,Yes,Yes,No
886,女性,No,No,No,Yes,No,No
887,女性,No,No,No,No,No,Yes
888,女性,Yes,No,Yes,Yes,No,Yes
889,女性,No,No,No,Yes,Yes,Yes
890,男性,No,No,Yes,Yes,No,No
891,男性,Yes,No,No,No,No,No
892,男性,No,Yes,Yes,Yes,Yes,No
893,男性,No,No,No,Yes,No,No
894,女性,Yes,No,No,No,Yes,Yes
895,女性,No,No,No,No,No,Yes
896,男性,No,No,No,Yes,No,Yes
897,女性,No,No,No,Yes,No,No
898,男性,No,No,No,No,No,No
899,男性,Yes,No,No,Yes,No,Yes
900,男性,No,No,No,No,No,No
901,男性,No,No,No,No,No,Yes
902,男性,No,No,No,Yes,No,Yes
903,女性,No,No,No,No,No,No
904,女性,Yes,No,No,Yes,No,Yes
905,女性,No,Yes,No,No,No,No
906,女性,No,Yes,No,No,No,No
907,男性,No,Yes,Yes,No,No,No
908,男性,No,Yes,No,Yes,No,No
909,男性,No,Yes,No,Yes,No,No
910,女性,Yes,Yes,No,Yes,No,No
911,男性,Yes,No,No,Yes,No,No
912,女性,No,Yes,No,No,No,No
913,男性,No,No,No,No,No,No
914,女性,No,No,No,Yes,No,No
915,女性,No,Yes,No,Yes,No,No
916,女性,No,No,No,Yes,No,No
917,男性,Yes,Yes,No,Yes,No,No
918,女性,Yes,No,No,Yes,Yes,Yes
919,女性,Yes,No,No,Yes,Yes,Yes
920,男性,No,No,No,No,No,Yes
921,女性,No,No,No,Yes,No,Yes
922,女性,No,No,No,Yes,No,No
923,女性,Yes,No,No,No,Yes,No
924,男性,No,No,No,No,No,No
925,女性,Yes,No,No,No,No,Yes
926,女性,No,No,No,Yes,Yes,No
927,女性,No,No,No,Yes,No,Yes
928,男性,No,No,No,Yes,No,No
929,女性,No,No,No,Yes,No,No
930,男性,No,No,No,No,No,No
931,男性,No,No,No,No,No,No
932,女性,No,No,No,No,No,No
933,男性,No,No,No,No,No,No
934,女性,No,No,No,No,No,Yes
935,男性,No,No,No,No,No,Yes
936,女性,No,Yes,No,Yes,Yes,No
937,女性,No,No,No,No,No,No
938,女性,No,No,Yes,Yes,No,Yes
939,女性,No,No,No,Yes,No,No
940,女性,No,No,No,Yes,Yes,Yes
941,男性,No,No,No,Yes,No,Yes
942,男性,Yes,Yes,No,Yes,No,No
943,女性,No,No,No,No,Yes,Yes
944,女性,No,No,No,Yes,No,No
945,女性,No,No,No,Yes,Yes,No
946,女性,No,No,No,Yes,No,No
947,女性,No,No,No,No,No,No
948,女性,No,No,No,No,Yes,No
949,女性,No,No,No,Yes,No,No
950,女性,No,No,No,No,No,No
951,女性,Yes,No,No,Yes,Yes,Yes
952,男性,No,Yes,No,Yes,No,No
953,女性,No,No,No,No,Yes,No
954,女性,No,No,No,Yes,No,Yes
955,女性,No,Yes,No,Yes,Yes,Yes
956,男性,No,No,Yes,Yes,No,Yes
957,女性,Yes,No,No,No,No,Yes
958,男性,No,No,No,No,No,Yes
959,女性,No,No,No,Yes,No,No
960,女性,No,No,No,No,No,Yes
961,女性,Yes,No,No,No,Yes,Yes
962,女性,No,No,No,No,No,No
963,男性,No,Yes,No,Yes,No,Yes
964,女性,Yes,No,No,Yes,No,No
965,女性,No,No,No,Yes,No,No
966,女性,No,No,No,Yes,Yes,No
967,男性,No,No,No,Yes,No,No
968,女性,No,No,Yes,No,No,Yes
969,男性,No,No,Yes,No,No,No
970,女性,No,No,No,Yes,No,No
971,男性,No,Yes,No,Yes,No,Yes
972,女性,No,No,No,Yes,Yes,Yes
973,女性,No,No,No,Yes,No,No
974,女性,Yes,No,No,No,No,No
975,女性,Yes,No,No,No,No,No
976,男性,No,No,No,Yes,No,Yes
977,女性,No,No,No,No,No,No
978,女性,No,No,No,No,Yes,No
979,女性,No,No,No,Yes,No,No
980,女性,Yes,Yes,No,Yes,No,No
981,女性,No,No,No,No,No,No
982,女性,No,No,No,Yes,Yes,No
983,男性,No,No,No,No,No,Yes
984,男性,No,No,No,Yes,No,No
985,女性,No,No,No,No,No,No
986,女性,No,No,No,No,No,No
987,女性,No,No,No,Yes,No,No
988,女性,No,No,No,No,No,Yes
989,男性,No,No,No,No,No,No
990,男性,Yes,No,No,No,No,No
991,女性,Yes,No,Yes,No,No,No
992,女性,No,No,No,Yes,Yes,No
993,女性,No,No,No,Yes,No,No
994,男性,No,No,No,No,Yes,Yes
995,女性,No,Yes,Yes,Yes,No,No
996,女性,No,No,No,Yes,No,Yes
997,男性,No,No,No,No,No,No
998,男性,No,Yes,No,Yes,No,No
999,男性,No,No,No,No,No,No
1000,女性,No,No,No,No,No,No
1001,女性,No,No,No,Yes,No,No
1002,男性,No,No,No,Yes,No,Yes
1003,男性,Yes,No,No,No,No,No
1004,女性,No,No,No,No,Yes,No
1005,女性,No,No,No,Yes,Yes,Yes
1006,男性,No,No,No,No,No,Yes
1007,女性,No,No,No,Yes,No,No
1008,女性,No,No,No,Yes,No,No
1009,女性,No,No,No,Yes,No,Yes
1010,女性,No,No,No,Yes,Yes,No
1011,男性,No,No,No,No,No,No
1012,女性,Yes,Yes,No,No,No,Yes
1013,男性,No,No,Yes,No,No,Yes
1014,女性,Yes,No,No,No,No,Yes
1015,女性,No,Yes,No,Yes,No,Yes
1016,女性,No,No,Yes,No,No,Yes
1017,女性,Yes,No,No,No,Yes,Yes
1018,女性,No,No,No,Yes,No,Yes
1019,男性,No,No,No,No,No,No
1020,女性,No,No,No,No,Yes,No
1021,女性,No,No,No,Yes,No,No
1022,男性,No,No,No,No,No,No
1023,男性,Yes,No,No,Yes,No,No
1024,女性,No,No,No,No,Yes,No
1025,女性,No,No,No,Yes,No,No
1026,男性,Yes,Yes,No,Yes,No,No
1027,男性,No,Yes,No,Yes,No,No
1028,男性,No,Yes,No,Yes,No,Yes
1029,女性,No,No,No,Yes,No,No
1030,男性,Yes,No,No,No,No,No
1031,女性,No,No,No,Yes,No,No
1032,男性,No,No,No,No,No,No
1033,男性,No,Yes,No,Yes,No,No
1034,男性,No,No,No,No,No,No
1035,女性,No,No,No,Yes,Yes,Yes
1036,女性,No,No,No,Yes,Yes,Yes
1037,女性,No,No,No,No,Yes,Yes
1038,男性,No,No,No,No,No,No
1039,女性,No,No,No,No,Yes,No
1040,男性,No,No,No,No,No,No
1041,女性,No,No,No,No,No,No
1042,女性,No,Yes,No,Yes,No,No
1043,女性,Yes,No,No,No,No,No
1044,男性,No,No,No,No,No,No
1045,女性,No,No,Yes,Yes,Yes,No
1046,女性,No,Yes,No,Yes,No,Yes
1047,女性,No,No,No,No,Yes,Yes
1048,女性,Yes,No,No,Yes,Yes,No
1049,女性,No,No,No,Yes,No,No
1050,男性,Yes,No,No,No,No,Yes
1051,女性,No,No,No,Yes,Yes,No
1052,女性,No,No,No,No,No,No
1053,男性,No,No,No,No,No,No
1054,女性,Yes,No,Yes,Yes,No,No
1055,男性,Yes,No,No,No,No,No
1056,女性,No,No,No,Yes,Yes,No
1057,女性,No,No,No,No,Yes,No
1058,女性,No,No,No,No,Yes,No
1059,男性,No,No,No,Yes,No,No
1060,女性,Yes,No,No,Yes,Yes,No
1061,女性,No,No,No,Yes,Yes,No
1062,女性,No,No,No,Yes,Yes,Yes
1063,女性,Yes,No,No,Yes,No,Yes
1064,女性,Yes,No,Yes,Yes,Yes,No
1065,男性,Yes,No,No,No,No,No
1066,女性,No,No,No,Yes,No,No
1067,男性,No,No,No,No,No,Yes
1068,女性,No,No,No,No,No,Yes
1069,女性,No,No,No,No,No,No
1070,女性,No,No,No,Yes,No,No
1071,男性,No,No,No,No,No,Yes
1072,女性,No,No,No,No,No,Yes
1073,男性,No,No,No,Yes,No,Yes
1074,女性,No,No,No,No,Yes,No
1075,女性,No,Yes,No,Yes,Yes,No
1076,男性,No,No,No,No,No,No
1077,女性,No,Yes,No,Yes,No,No
1078,女性,No,No,No,Yes,Yes,No
1079,男性,No,No,No,Yes,No,Yes
1080,女性,No,No,No,No,No,No
1081,女性,No,No,No,Yes,No,No
1082,女性,No,No,No,Yes,Yes,No
1083,男性,Yes,Yes,No,Yes,Yes,Yes
1084,女性,No,No,No,Yes,Yes,No
1085,女性,No,Yes,Yes,Yes,No,No
1086,女性,No,No,No,No,No,No
1087,女性,No,No,No,Yes,Yes,Yes
1088,女性,Yes,No,No,No,Yes,No
1089,女性,No,No,No,No,Yes,Yes
1090,男性,No,Yes,No,Yes,No,Yes
1091,男性,No,No,No,Yes,No,No
1092,女性,No,No,No,No,Yes,Yes
1093,男性,Yes,Yes,No,Yes,Yes,No
1094,女性,No,No,No,Yes,No,No
1095,女性,No,No,No,Yes,No,No
1096,女性,No,No,No,Yes,Yes,No
1097,女性,No,No,No,Yes,No,No
1098,女性,No,No,No,No,No,No
1099,男性,No,No,No,Yes,No,Yes
1100,女性,No,No,No,Yes,No,No
1101,男性,No,No,No,No,No,Yes
1102,男性,No,No,No,No,No,Yes
1103,女性,Yes,Yes,Yes,Yes,Yes,No
1104,女性,Yes,No,No,Yes,Yes,Yes
1105,男性,No,No,Yes,No,No,Yes
1106,男性,No,No,No,No,No,No
1107,女性,Yes,No,No,Yes,Yes,No
1108,女性,Yes,No,No,Yes,Yes,Yes
1109,女性,No,No,No,Yes,Yes,Yes
1110,女性,No,No,Yes,Yes,Yes,Yes
1111,女性,No,No,No,No,No,Yes
1112,男性,No,Yes,No,No,No,No
1113,男性,Yes,No,No,No,No,Yes
1114,女性,No,No,No,No,Yes,No
1115,女性,No,Yes,Yes,Yes,Yes,Yes
1116,女性,No,No,No,No,No,No
1117,男性,Yes,No,No,Yes,No,Yes
1118,男性,No,No,No,No,No,Yes
1119,女性,No,No,No,Yes,No,Yes
1120,女性,No,No,No,No,Yes,No
1121,男性,No,No,No,No,No,No
1122,女性,Yes,No,No,Yes,Yes,Yes
1123,女性,No,No,No,No,No,Yes
1124,女性,No,No,No,No,Yes,No
1125,女性,No,Yes,No,Yes,Yes,No
1126,女性,Yes,No,No,Yes,No,No
1127,女性,No,No,No,Yes,Yes,Yes
1128,男性,Yes,Yes,No,No,No,Yes
1129,女性,No,No,No,No,Yes,No
1130,女性,No,No,No,No,No,No
1131,男性,No,Yes,Yes,Yes,No,Yes
1132,男性,No,No,No,Yes,No,No
1133,男性,No,No,No,No,No,No
1134,女性,No,No,No,No,No,No
1135,女性,No,No,No,No,No,Yes
1136,女性,No,No,No,No,Yes,Yes
1137,男性,No,No,No,No,No,No
1138,女性,No,No,No,Yes,No,No
1139,男性,No,No,No,No,No,Yes
1140,女性,No,No,No,No,No,Yes
1141,男性,No,No,No,No,No,No
1142,女性,No,No,No,Yes,No,Yes
1143,女性,No,No,No,Yes,No,Yes
1144,女性,No,No,No,No,Yes,No
1145,男性,No,No,No,No,No,Yes
1146,女性,No,No,No,No,Yes,No
1147,女性,No,No,No,Yes,No,Yes
1148,女性,No,No,No,Yes,Yes,Yes
1149,男性,Yes,No,No,No,No,Yes
1150,女性,No,No,No,No,No,Yes
1151,女性,No,No,No,Yes,No,No
1152,女性,No,Yes,Yes,Yes,No,No
1153,女性,No,No,No,Yes,Yes,Yes
1154,女性,No,No,No,Yes,No,No
1155,男性,No,Yes,Yes,Yes,No,Yes
1156,女性,No,No,No,Yes,Yes,No
1157,男性,No,No,No,No,No,No
1158,女性,No,No,No,Yes,No,No
1159,女性,No,No,No,Yes,No,No
1160,男性,Yes,No,Yes,Yes,No,Yes
1161,男性,Yes,Yes,Yes,Yes,No,Yes
1162,女性,No,No,No,Yes,Yes,Yes
1163,女性,Yes,No,Yes,Yes,Yes,Yes
1164,女性,No,No,No,Yes,No,No
1165,女性,No,No,Yes,No,No,No
1166,男性,No,No,No,No,No,No
1167,男性,No,No,No,Yes,No,No
1168,女性,No,No,No,Yes,No,Yes
1169,女性,No,No,Yes,No,No,No
1170,女性,No,No,No,Yes,Yes,No
1171,女性,No,No,No,No,Yes,Yes
1172,女性,No,No,No,Yes,No,Yes
1173,女性,No,No,No,Yes,No,Yes
1174,男性,No,No,No,Yes,No,Yes
1175,男性,No,No,No,Yes,No,Yes
1176,男性,Yes,No,No,Yes,Yes,No
1177,女性,No,No,No,No,Yes,Yes
1178,女性,No,Yes,No,Yes,Yes,No
1179,女性,No,No,No,No,No,No
1180,女性,No,No,No,Yes,No,Yes
1181,女性,No,No,No,Yes,Yes,No
1182,女性,No,No,Yes,Yes,No,No
1183,女性,No,No,No,No,No,No
1184,女性,No,No,No,No,Yes,No
1185,女性,Yes,No,No,Yes,No,Yes
1186,女性,Yes,No,No,Yes,No,Yes
1187,女性,No,No,No,No,No,No
1188,女性,Yes,Yes,No,Yes,No,No
1189,女性,Yes,No,No,No,No,Yes
1190,男性,No,No,No,Yes,No,Yes
1191,男性,No,Yes,No,No,Yes,No
1192,女性,No,No,No,Yes,No,Yes
1193,男性,No,No,Yes,No,No,No
1194,女性,No,No,No,No,No,Yes
1195,男性,No,No,No,Yes,No,No
1196,女性,No,No,No,Yes,No,Yes
1197,女性,No,No,No,Yes,No,Yes
1198,男性,No,No,No,No,No,No
1199,男性,Yes,No,No,Yes,Yes,No
1200,男性,No,No,No,Yes,No,No
1201,女性,No,No,No,Yes,Yes,No
1202,女性,No,No,No,Yes,No,No
1203,女性,No,No,No,No,Yes,No
1204,女性,No,No,No,Yes,No,Yes
1205,女性,No,No,No,Yes,Yes,Yes
1206,女性,No,No,No,Yes,No,Yes
1207,男性,No,No,No,No,Yes,No
1208,男性,No,Yes,No,No,No,No
1209,女性,No,Yes,Yes,Yes,Yes,No
1210,女性,No,No,No,No,No,Yes
1211,女性,No,No,No,Yes,Yes,No
1212,女性,No,No,No,Yes,Yes,No
1213,女性,Yes,No,No,Yes,No,Yes
1214,男性,No,No,No,No,No,No
1215,女性,No,No,No,No,Yes,No
1216,女性,No,No,No,Yes,Yes,Yes
1217,女性,Yes,Yes,No,Yes,Yes,No
1218,女性,No,No,No,Yes,No,No
1219,女性,No,No,No,No,No,No
1220,女性,No,No,No,No,No,No
1221,女性,No,No,No,Yes,No,No
1222,男性,No,No,No,Yes,No,No
1223,女性,No,Yes,No,Yes,No,No
1224,女性,No,No,No,Yes,No,Yes
1225,女性,Yes,No,No,No,No,No
1226,女性,No,No,No,Yes,Yes,Yes
1227,男性,No,No,No,Yes,No,Yes
1228,女性,No,Yes,No,Yes,No,Yes
1229,男性,No,No,No,No,Yes,Yes
1230,女性,No,Yes,No,Yes,No,No
1231,女性,No,No,No,No,No,Yes
1232,女性,No,No,No,Yes,No,No
1233,男性,No,Yes,No,No,No,Yes
1234,男性,No,No,No,Yes,Yes,No
1235,女性,No,No,No,No,No,No
1236,男性,No,No,No,No,No,Yes
1237,女性,No,No,No,No,Yes,Yes
1238,女性,Yes,No,No,No,Yes,No
1239,男性,No,No,No,Yes,No,No
1240,男性,No,No,No,Yes,No,No
1241,男性,Yes,No,No,Yes,No,No
1242,男性,Yes,Yes,No,No,No,Yes
1243,女性,No,No,No,Yes,Yes,No
1244,女性,No,No,No,Yes,No,No
1245,女性,Yes,Yes,No,Yes,No,Yes
1246,男性,No,No,No,No,No,No
1247,女性,No,No,No,No,No,Yes
1248,女性,No,No,No,Yes,No,Yes
1249,女性,No,No,No,No,No,No
1250,女性,No,No,No,Yes,No,No
1251,女性,Yes,No,No,Yes,No,Yes
1252,女性,No,Yes,No,Yes,Yes,No
1253,男性,No,No,No,No,No,No
1254,女性,No,No,No,No,Yes,Yes
1255,女性,No,No,No,No,No,No
1256,女性,No,No,No,Yes,Yes,No
1257,女性,Yes,No,No,No,No,Yes
1258,男性,No,No,No,No,No,Yes
1259,女性,No,Yes,No,No,No,No
1260,女性,No,No,No,Yes,No,No
1261,女性,No,Yes,No,Yes,No,No
1262,女性,No,No,No,Yes,No,No
1263,女性,No,No,No,No,No,Yes
1264,男性,No,No,No,No,No,No
1265,女性,No,No,No,Yes,No,Yes
1266,女性,Yes,Yes,No,Yes,No,Yes
1267,女性,Yes,No,No,Yes,No,No
1268,女性,No,No,No,No,Yes,No
1269,女性,No,Yes,No,Yes,No,Yes
1270,女性,No,Yes,No,Yes,Yes,Yes
1271,男性,Yes,Yes,Yes,Yes,Yes,Yes
1272,女性,No,No,No,Yes,No,No
1273,女性,No,No,No,No,Yes,No
1274,女性,Yes,No,Yes,Yes,No,No
1275,女性,No,No,No,Yes,No,No
1276,女性,No,No,No,No,No,No
1277,男性,Yes,No,No,No,No,No
1278,男性,No,Yes,No,No,Yes,Yes
1279,男性,No,No,No,No,No,Yes
1280,女性,No,Yes,No,Yes,Yes,No
1281,女性,No,No,No,Yes,Yes,No
1282,男性,No,Yes,Yes,Yes,No,Yes
1283,女性,Yes,No,No,Yes,Yes,Yes
1284,女性,No,Yes,No,Yes,No,No
1285,女性,No,No,No,No,No,Yes
1286,男性,No,Yes,No,No,No,No
1287,女性,Yes,No,No,Yes,No,Yes
1288,女性,No,No,No,Yes,No,No
1289,女性,No,No,No,Yes,Yes,No
1290,女性,No,No,Yes,Yes,No,No
1291,女性,No,No,No,No,No,Yes
1292,女性,Yes,No,No,No,No,No
1293,女性,No,Yes,No,Yes,No,No
1294,女性,No,Yes,No,Yes,No,Yes
1295,女性,Yes,No,No,No,No,No
1296,女性,No,No,No,No,No,No
1297,女性,No,No,Yes,Yes,No,Yes
1298,男性,Yes,No,No,No,No,No
1299,女性,No,No,No,Yes,No,Yes
1300,女性,No,No,No,Yes,Yes,No
1301,女性,Yes,No,Yes,Yes,Yes,No
1302,女性,No,No,No,No,Yes,No
1303,男性,No,No,No,No,No,No
1304,女性,No,No,No,No,Yes,No
1305,女性,No,No,No,No,No,No
1306,女性,No,No,No,No,Yes,No
1307,女性,No,No,No,No,No,No
1308,女性,No,No,No,Yes,No,Yes
1309,女性,No,No,No,Yes,No,No
1310,女性,No,No,Yes,Yes,No,No
1311,女性,No,No,Yes,Yes,Yes,No
1312,男性,No,No,Yes,No,No,No
1313,女性,Yes,No,No,Yes,No,Yes
1314,女性,No,No,No,Yes,No,No
1315,男性,No,Yes,No,Yes,No,Yes
1316,女性,No,No,No,No,Yes,No
1317,男性,No,No,Yes,No,Yes,Yes
1318,男性,No,No,No,No,No,No
1319,女性,Yes,Yes,No,Yes,No,No
1320,男性,Yes,No,Yes,Yes,No,No
1321,女性,No,No,No,Yes,No,No
1322,男性,No,Yes,No,Yes,No,Yes
1323,女性,No,No,No,No,No,No
1324,男性,No,No,No,No,No,No
1325,女性,Yes,No,No,Yes,No,No
1326,女性,No,No,Yes,Yes,No,Yes
1327,女性,No,No,No,Yes,No,No
1328,女性,Yes,No,Yes,No,No,No
1329,女性,No,No,No,Yes,No,No
1330,女性,No,No,No,Yes,No,No
1331,女性,Yes,No,No,Yes,No,No
1332,男性,No,Yes,No,No,No,No
1333,女性,No,No,No,Yes,No,Yes
1334,女性,No,No,Yes,No,No,No
1335,女性,No,No,No,Yes,No,Yes
1336,女性,No,Yes,No,Yes,No,No
1337,女性,No,No,No,No,No,Yes
1338,男性,No,No,No,No,No,No
1339,女性,No,No,No,No,No,No
1340,女性,No,No,No,No,No,No
1341,女性,No,No,No,Yes,No,Yes
1342,女性,No,No,No,No,Yes,No
1343,女性,No,No,No,Yes,No,No
1344,女性,No,Yes,No,No,No,No
1345,女性,No,No,No,Yes,Yes,Yes
1346,男性,No,No,No,Yes,No,No
1347,女性,No,Yes,No,Yes,No,Yes
1348,女性,No,No,No,Yes,Yes,No
1349,女性,No,No,No,No,No,No
1350,女性,No,No,No,Yes,No,No
1351,女性,No,No,No,No,No,No
1352,女性,No,No,No,No,No,No
1353,女性,No,No,No,Yes,No,No
1354,女性,No,No,No,No,No,No
1355,女性,No,Yes,No,Yes,Yes,No
1356,女性,No,No,No,Yes,Yes,No
1357,女性,No,No,No,Yes,Yes,Yes
1358,女性,Yes,No,No,Yes,No,Yes
1359,女性,No,No,No,No,Yes,Yes
1360,男性,No,No,No,No,No,Yes
1361,女性,No,No,No,Yes,No,No
1362,女性,No,No,No,No,Yes,Yes
1363,女性,No,No,No,No,Yes,No
1364,女性,No,No,No,Yes,No,No
1365,女性,No,Yes,No,No,No,No
1366,女性,No,No,No,No,Yes,Yes
1367,女性,No,No,No,Yes,No,Yes
1368,男性,No,No,No,Yes,No,No
1369,女性,No,No,No,No,Yes,No
1370,男性,Yes,No,No,No,No,Yes
1371,男性,No,No,No,Yes,No,No
1372,女性,Yes,No,No,No,No,No
1373,女性,Yes,No,No,Yes,No,No
1374,女性,No,No,No,No,No,No
1375,女性,Yes,No,No,No,No,No
1376,女性,No,No,No,No,No,No
1377,女性,No,No,No,Yes,No,Yes
1378,女性,No,No,Yes,Yes,No,No
1379,女性,No,No,No,No,No,Yes
1380,男性,No,No,No,No,No,No
1381,女性,Yes,No,No,No,No,No
1382,女性,No,No,No,No,No,No
1383,女性,No,No,No,Yes,No,No
1384,女性,Yes,No,No,Yes,Yes,Yes
1385,女性,No,No,No,Yes,No,No
1386,女性,No,No,No,No,No,Yes
1387,女性,No,Yes,No,No,Yes,No
1388,女性,No,No,No,Yes,No,No
1389,女性,Yes,No,Yes,No,No,No
1390,女性,Yes,No,No,Yes,No,No
1391,男性,Yes,No,No,No,No,Yes
1392,女性,No,No,No,Yes,Yes,No
1393,女性,No,No,No,No,Yes,Yes
1394,女性,No,No,No,Yes,No,No
1395,男性,No,No,No,Yes,No,Yes
1396,女性,No,No,Yes,No,No,No
1397,男性,Yes,No,No,No,No,No
1398,女性,No,Yes,No,Yes,Yes,No
1399,男性,No,No,No,No,No,No
1400,女性,Yes,No,No,Yes,No,No
1401,女性,No,No,No,No,Yes,Yes
1402,女性,Yes,No,No,No,No,Yes
1403,女性,No,No,No,No,No,No
1404,男性,No,Yes,No,Yes,No,No
1405,女性,No,No,No,No,No,Yes
1406,女性,No,No,No,Yes,No,Yes
1407,女性,No,No,No,Yes,No,Yes
1408,女性,No,No,No,Yes,Yes,No
1409,女性,Yes,No,No,Yes,No,No
1410,女性,Yes,Yes,No,No,No,No
1411,女性,No,No,No,Yes,Yes,No
1412,女性,No,No,No,Yes,No,No
1413,女性,No,No,No,No,Yes,No
1414,女性,No,No,No,No,No,Yes
1415,女性,Yes,No,No,Yes,No,Yes
1416,男性,No,No,Yes,Yes,No,No
1417,男性,No,No,No,No,No,Yes
1418,女性,No,No,No,Yes,No,No
1419,女性,No,No,No,No,No,No
1420,女性,No,No,No,Yes,No,No
1421,男性,Yes,Yes,No,No,No,Yes
1422,女性,No,No,No,Yes,No,No
1423,女性,No,No,Yes,No,No,No
1424,男性,No,No,No,Yes,No,No
1425,男性,No,No,No,Yes,No,Yes
1426,男性,No,No,No,No,Yes,Yes
1427,女性,No,No,No,No,No,No
1428,女性,No,No,No,Yes,Yes,No
1429,女性,No,No,No,Yes,No,Yes
1430,女性,Yes,Yes,No,No,Yes,Yes
1431,女性,Yes,No,No,Yes,No,No
1432,女性,No,No,No,No,No,No
1433,女性,Yes,No,No,Yes,No,Yes
1434,女性,No,No,No,Yes,No,No
1435,男性,Yes,No,No,No,Yes,No
1436,女性,No,No,No,Yes,Yes,Yes
1437,女性,No,No,No,No,No,No
1438,女性,No,No,No,Yes,Yes,No
1439,男性,Yes,Yes,No,No,No,No
1440,女性,No,No,Yes,Yes,No,Yes
1441,女性,No,No,No,Yes,No,Yes
1442,男性,No,No,No,Yes,No,Yes
1443,女性,Yes,No,No,Yes,No,No
1444,女性,No,No,No,Yes,Yes,Yes
1445,男性,No,No,No,No,No,Yes
1446,男性,Yes,Yes,No,Yes,No,Yes
1447,女性,No,No,No,Yes,No,No
1448,男性,Yes,Yes,No,Yes,No,Yes
1449,女性,No,No,Yes,No,No,Yes
1450,女性,Yes,No,No,Yes,Yes,No
1451,女性,No,No,No,No,No,No
1452,女性,No,No,No,No,Yes,Yes
1453,男性,No,No,No,Yes,No,Yes
1454,女性,No,No,No,No,No,No
1455,男性,No,No,No,No,Yes,Yes
1456,男性,No,No,No,Yes,No,No
1457,女性,No,No,No,Yes,No,No
1458,男性,No,No,No,Yes,No,Yes
1459,男性,No,Yes,Yes,Yes,No,Yes
1460,男性,No,Yes,No,Yes,No,Yes
1461,女性,No,No,No,Yes,Yes,Yes
1462,女性,No,No,No,No,No,No
1463,男性,No,No,No,Yes,No,No
1464,男性,No,No,No,No,No,No
1465,女性,No,No,Yes,Yes,Yes,Yes
1466,女性,Yes,No,No,Yes,No,No
1467,男性,No,No,Yes,No,No,No
1468,男性,Yes,Yes,No,Yes,No,No
1469,女性,No,No,No,No,No,Yes
1470,女性,No,No,No,No,Yes,No
1471,女性,No,No,No,Yes,No,No
1472,女性,No,No,No,No,Yes,No
1473,男性,No,No,Yes,Yes,No,No
1474,女性,Yes,No,No,Yes,Yes,No
1475,女性,No,No,No,No,Yes,No
1476,女性,Yes,No,Yes,Yes,No,No
1477,男性,No,No,No,No,No,Yes
1478,男性,No,No,No,Yes,No,Yes
1479,女性,No,No,No,Yes,No,No
1480,女性,No,No,No,No,Yes,No
1481,女性,Yes,Yes,No,Yes,Yes,Yes
1482,男性,No,No,No,No,No,No
1483,女性,No,No,Yes,Yes,Yes,Yes
1484,男性,No,No,No,No,No,No
1485,女性,Yes,Yes,No,Yes,Yes,Yes
1486,女性,Yes,No,Yes,Yes,No,Yes
1487,女性,No,No,No,No,No,No
1488,女性,No,No,No,No,No,No
1489,女性,Yes,No,No,Yes,Yes,No
1490,男性,No,No,No,No,No,Yes
1491,男性,No,No,No,Yes,No,Yes
1492,女性,No,No,Yes,Yes,Yes,Yes
1493,男性,No,Yes,No,Yes,No,No
1494,女性,No,No,Yes,Yes,No,Yes
1495,男性,No,No,No,Yes,No,No
1496,女性,Yes,No,Yes,No,No,Yes
1497,女性,No,No,No,Yes,Yes,No
1498,女性,No,Yes,No,No,No,No
1499,男性,Yes,Yes,No,No,No,Yes
1500,男性,No,No,No,No,No,Yes
1501,男性,No,No,No,No,No,No
1502,女性,No,No,No,Yes,Yes,Yes
1503,男性,No,Yes,Yes,No,No,No
1504,女性,No,No,No,Yes,No,Yes
1505,女性,No,No,No,No,No,No
1506,女性,Yes,No,No,No,No,Yes
1507,男性,No,No,No,No,No,No
1508,女性,Yes,No,No,No,No,No
1509,女性,No,No,No,Yes,No,No
1510,男性,Yes,Yes,No,No,No,Yes
1511,女性,No,No,No,Yes,No,No
1512,男性,Yes,Yes,Yes,No,No,No
1513,男性,No,Yes,No,No,No,Yes
1514,女性,Yes,No,Yes,Yes,No,Yes
1515,女性,No,No,No,Yes,Yes,Yes
1516,女性,Yes,No,No,Yes,Yes,No
1517,女性,No,No,No,Yes,No,No
1518,女性,No,Yes,No,No,No,No
1519,女性,Yes,Yes,Yes,No,No,No
1520,女性,Yes,No,Yes,Yes,Yes,No
1521,女性,No,Yes,No,Yes,No,Yes
1522,男性,No,No,No,No,No,No
1523,男性,No,No,No,No,No,No
1524,男性,No,No,No,No,No,No
1525,女性,No,No,No,No,No,No
1526,男性,Yes,Yes,No,Yes,Yes,Yes
1527,女性,No,No,No,Yes,No,No
1528,女性,No,No,No,Yes,Yes,Yes
1529,女性,No,No,No,Yes,No,No
1530,女性,No,Yes,No,Yes,No,No
1531,男性,No,No,No,No,No,Yes
1532,女性,No,No,No,No,No,No
1533,女性,Yes,No,No,Yes,No,No
1534,女性,No,No,No,Yes,No,Yes
1535,男性,No,No,No,Yes,No,No
1536,男性,Yes,Yes,No,Yes,No,No
1537,男性,No,No,No,No,No,Yes
1538,女性,No,No,No,No,Yes,No
1539,女性,Yes,No,Yes,Yes,No,No
1540,女性,No,No,No,Yes,No,No
1541,男性,No,No,No,Yes,No,No
1542,女性,No,No,No,No,Yes,Yes
1543,女性,No,No,No,No,Yes,No
1544,男性,No,No,Yes,Yes,No,Yes
1545,女性,Yes,No,No,No,No,No
1546,女性,Yes,Yes,No,Yes,No,Yes
1547,女性,No,No,No,Yes,No,No
1548,女性,No,No,No,Yes,Yes,No
1549,女性,No,Yes,No,Yes,Yes,Yes
1550,女性,No,No,No,No,No,Yes
1551,男性,No,No,No,No,No,No
1552,女性,No,No,No,No,Yes,No
1553,女性,Yes,No,No,No,No,Yes
1554,男性,Yes,No,Yes,Yes,No,Yes
1555,女性,No,No,No,Yes,No,No
1556,女性,No,No,No,Yes,Yes,No
1557,男性,No,No,No,Yes,No,Yes
1558,女性,No,Yes,No,Yes,No,No
1559,女性,No,No,Yes,Yes,No,No
1560,男性,Yes,No,Yes,No,No,No
1561,女性,No,No,No,Yes,No,Yes
1562,女性,No,No,Yes,No,No,No
1563,女性,No,No,No,No,No,No
1564,女性,No,Yes,No,Yes,No,Yes
1565,女性,No,No,No,Yes,No,No
1566,女性,No,No,No,Yes,No,No
1567,男性,No,No,No,Yes,No,No
1568,男性,No,No,No,Yes,No,Yes
1569,女性,No,No,No,No,No,No
1570,女性,Yes,Yes,No,Yes,No,No
1571,女性,Yes,No,No,Yes,Yes,No
1572,男性,No,No,No,Yes,No,Yes
1573,女性,Yes,No,No,Yes,No,No
1574,男性,No,No,No,No,No,No
1575,女性,No,No,No,Yes,No,No
1576,女性,No,No,No,Yes,No,Yes
1577,女性,No,No,No,No,No,Yes
1578,女性,Yes,No,No,Yes,Yes,Yes
1579,女性,No,No,No,Yes,Yes,No
1580,男性,No,No,No,Yes,No,Yes
1581,男性,Yes,No,No,No,No,No
1582,男性,No,No,No,No,No,No
1583,男性,No,No,No,Yes,No,No
1584,女性,No,No,No,Yes,No,No
1585,女性,Yes,No,No,No,No,No
1586,女性,No,No,No,Yes,No,No
1587,男性,No,No,No,Yes,No,Yes
1588,女性,Yes,No,No,No,Yes,No
1589,女性,Yes,No,Yes,No,Yes,No
1590,女性,Yes,No,Yes,No,No,Yes
1591,女性,No,No,Yes,Yes,Yes,Yes
1592,男性,No,No,No,Yes,No,Yes
1593,女性,Yes,No,No,Yes,No,No
1594,男性,No,No,No,Yes,No,Yes
1595,女性,No,No,No,Yes,No,No
1596,女性,No,No,No,No,No,Yes
1597,女性,No,No,No,No,Yes,No
1598,女性,No,No,Yes,Yes,No,No
1599,女性,No,No,No,Yes,Yes,No
1600,女性,No,No,Yes,Yes,No,No
1601,女性,No,No,No,No,No,Yes
1602,女性,No,No,No,No,Yes,No
1603,女性,Yes,No,Yes,Yes,No,Yes
1604,男性,No,No,No,Yes,No,No
1605,女性,Yes,No,No,No,No,No
1606,女性,Yes,No,No,No,Yes,No
1607,女性,No,No,No,No,No,No
1608,女性,Yes,No,No,Yes,No,No
1609,男性,No,Yes,No,Yes,No,No
1610,男性,No,Yes,Yes,Yes,No,No
1611,女性,No,No,No,Yes,No,No
1612,男性,No,No,No,No,No,No
1613,男性,No,No,No,Yes,No,No
1614,女性,No,No,No,Yes,No,No
1615,女性,Yes,No,Yes,Yes,Yes,Yes
1616,女性,No,No,No,Yes,Yes,No
1617,女性,No,No,Yes,Yes,No,No
1618,女性,No,No,No,No,No,No
1619,男性,No,No,No,No,No,No
1620,女性,No,No,No,Yes,No,No
1621,男性,No,No,No,No,No,No
1622,男性,No,No,No,No,No,No
1623,女性,Yes,No,Yes,Yes,Yes,Yes
1624,男性,No,Yes,No,Yes,No,No
1625,男性,No,No,No,Yes,No,Yes
1626,女性,Yes,No,No,Yes,No,Yes
1627,女性,No,No,No,No,No,No
1628,女性,Yes,No,No,No,Yes,No
1629,女性,Yes,No,No,Yes,No,No
1630,男性,No,No,No,Yes,No,Yes
1631,女性,No,No,No,No,Yes,Yes
1632,女性,Yes,Yes,No,No,No,Yes
1633,女性,No,No,No,No,No,No
1634,女性,Yes,No,No,Yes,No,No
1635,女性,No,No,No,No,No,No
1636,男性,Yes,No,Yes,No,No,Yes
1637,女性,Yes,Yes,No,Yes,Yes,Yes
1638,女性,No,No,No,No,Yes,Yes
1639,男性,No,No,No,Yes,No,No
1640,女性,No,Yes,No,Yes,No,Yes
1641,女性,No,No,Yes,No,Yes,Yes
1642,女性,No,Yes,No,Yes,No,No
1643,女性,No,No,No,No,No,No
1644,女性,No,No,No,No,Yes,No
1645,女性,Yes,No,No,No,Yes,Yes
1646,女性,Yes,No,No,No,Yes,No
1647,女性,No,No,No,No,No,No
1648,男性,Yes,No,No,No,No,No
1649,男性,No,Yes,No,No,No,No
1650,女性,No,No,Yes,Yes,Yes,No
1651,女性,Yes,No,No,Yes,No,No
1652,女性,No,No,No,No,No,No
1653,女性,No,No,No,Yes,No,No
1654,男性,Yes,Yes,No,No,No,No
1655,女性,Yes,No,No,No,Yes,Yes
1656,女性,Yes,No,No,Yes,No,Yes
1657,男性,No,No,No,Yes,No,No
1658,男性,Yes,Yes,Yes,No,No,No
1659,女性,Yes,No,No,Yes,No,No
1660,女性,No,No,Yes,Yes,No,Yes
1661,女性,No,No,No,Yes,Yes,Yes
1662,男性,No,No,No,Yes,No,No
1663,女性,No,No,No,Yes,No,No
1664,女性,No,No,No,Yes,No,No
1665,女性,Yes,No,No,No,No,No
1666,女性,No,No,No,Yes,Yes,No
1667,女性,No,No,No,Yes,No,Yes
1668,女性,No,Yes,No,Yes,No,No
1669,女性,Yes,No,No,No,Yes,No
1670,男性,No,No,No,No,No,No
1671,男性,No,Yes,No,No,No,No
1672,女性,No,No,No,No,Yes,Yes
1673,女性,No,Yes,No,Yes,Yes,No
1674,女性,No,Yes,No,Yes,Yes,No
1675,女性,No,No,No,No,No,No
1676,男性,No,No,No,Yes,No,Yes
1677,女性,No,No,No,Yes,No,No
1678,男性,Yes,No,No,No,No,No
1679,女性,No,No,No,No,Yes,No
1680,女性,No,No,No,Yes,No,No
1681,男性,Yes,No,No,Yes,No,Yes
1682,女性,No,No,Yes,No,Yes,Yes
1683,男性,Yes,Yes,Yes,Yes,No,Yes
1684,女性,No,No,No,No,No,Yes
1685,女性,No,Yes,No,Yes,Yes,Yes
1686,女性,No,No,No,Yes,No,Yes
1687,女性,No,No,No,No,Yes,No
1688,女性,Yes,No,No,No,No,No
1689,男性,No,No,No,No,No,No
1690,女性,No,No,No,Yes,No,Yes
1691,女性,No,No,No,Yes,No,No
1692,女性,No,No,No,No,No,No
1693,女性,No,No,No,Yes,No,No
1694,女性,No,No,Yes,No,Yes,No
1695,男性,No,No,No,Yes,No,Yes
1696,女性,No,No,No,No,No,No
1697,女性,No,No,Yes,No,No,Yes
1698,女性,No,No,No,No,No,No
1699,女性,No,No,No,Yes,Yes,Yes
1700,女性,Yes,Yes,Yes,No,No,No
1701,女性,No,No,Yes,Yes,No,No
1702,女性,Yes,No,No,Yes,No,No
1703,女性,No,No,Yes,No,No,Yes
1704,女性,No,No,No,Yes,No,Yes
1705,女性,Yes,No,No,No,Yes,Yes
1706,女性,No,No,No,Yes,No,No
1707,女性,No,No,No,Yes,No,No
1708,女性,Yes,No,Yes,Yes,No,Yes
1709,男性,Yes,Yes,No,No,No,Yes
1710,女性,Yes,No,No,No,No,No
1711,女性,No,No,No,Yes,No,Yes
1712,女性,No,No,No,Yes,No,Yes
1713,男性,Yes,No,No,No,No,No
1714,女性,No,No,No,Yes,Yes,No
1715,女性,No,Yes,No,Yes,No,Yes
1716,女性,Yes,No,No,Yes,Yes,No
1717,女性,No,No,No,Yes,No,No
1718,女性,No,No,No,Yes,No,No
1719,女性,Yes,No,No,No,Yes,Yes
1720,女性,No,No,No,Yes,Yes,No
1721,女性,No,Yes,No,No,No,No
1722,女性,No,Yes,No,No,No,Yes
1723,女性,No,No,No,Yes,Yes,No
1724,女性,No,Yes,No,Yes,No,Yes
1725,女性,No,No,No,No,No,Yes
1726,男性,No,No,Yes,No,No,No
1727,女性,No,No,No,Yes,Yes,No
1728,女性,No,No,Yes,No,No,No
1729,男性,No,No,No,Yes,No,Yes
1730,女性,Yes,No,Yes,Yes,No,Yes
1731,女性,No,No,No,Yes,Yes,Yes
1732,女性,No,No,Yes,Yes,No,No
1733,男性,Yes,No,Yes,Yes,No,No
1734,女性,No,No,Yes,Yes,No,No
1735,女性,No,No,No,No,No,No
1736,女性,No,No,No,Yes,No,No
1737,女性,No,No,No,Yes,No,No
1738,男性,Yes,No,No,No,No,No
1739,女性,No,No,No,No,Yes,No
1740,女性,No,No,No,No,No,No
1741,男性,No,No,No,No,No,No
1742,女性,No,No,No,Yes,Yes,No
1743,男性,No,No,No,Yes,No,Yes
1744,女性,No,No,No,No,No,No
1745,女性,No,No,Yes,No,Yes,Yes
1746,女性,No,No,Yes,Yes,No,Yes
1747,男性,No,No,Yes,No,No,No
1748,女性,No,No,No,Yes,No,No
1749,女性,No,No,No,Yes,No,Yes
1750,女性,No,No,No,Yes,Yes,No
1751,女性,No,No,No,No,Yes,Yes
1752,女性,No,No,No,Yes,No,Yes
1753,女性,No,No,Yes,No,Yes,Yes
1754,女性,No,No,No,Yes,No,No
1755,男性,No,Yes,No,No,No,No
1756,女性,No,No,No,No,Yes,Yes
1757,女性,Yes,Yes,No,Yes,No,Yes
1758,女性,No,No,No,No,Yes,No
1759,男性,Yes,Yes,No,Yes,No,Yes
1760,女性,No,No,No,Yes,No,Yes
1761,女性,No,No,No,No,No,Yes
1762,女性,No,No,No,Yes,No,No
1763,女性,Yes,No,No,Yes,Yes,No
1764,女性,Yes,No,No,Yes,No,No
1765,女性,Yes,No,No,Yes,No,No
1766,男性,No,No,No,No,No,Yes
1767,女性,No,No,No,Yes,No,No
1768,男性,Yes,No,No,No,No,Yes
1769,女性,No,No,No,Yes,No,Yes
1770,女性,No,No,Yes,Yes,Yes,Yes
1771,女性,No,No,No,Yes,Yes,Yes
1772,男性,No,No,No,Yes,No,No
1773,女性,No,No,No,Yes,No,Yes
1774,男性,No,No,No,Yes,No,No
1775,女性,No,No,No,Yes,Yes,No
1776,女性,Yes,No,No,No,No,No
1777,男性,No,No,No,No,Yes,No
1778,女性,No,No,No,Yes,Yes,No
1779,女性,No,No,No,No,No,No
1780,女性,No,No,Yes,Yes,No,Yes
1781,女性,Yes,No,No,Yes,No,Yes
1782,女性,No,No,No,Yes,Yes,Yes
1783,女性,Yes,No,No,Yes,No,No
1784,女性,No,No,No,No,No,No
1785,女性,Yes,No,Yes,Yes,No,No
1786,女性,No,No,Yes,No,No,No
1787,女性,No,No,No,Yes,No,Yes
1788,女性,Yes,Yes,Yes,Yes,Yes,Yes
1789,女性,No,No,No,No,No,No
1790,女性,Yes,Yes,No,No,Yes,No
1791,男性,No,Yes,No,Yes,No,Yes
1792,男性,Yes,No,Yes,No,No,Yes
1793,女性,No,No,No,Yes,Yes,Yes
1794,女性,No,No,No,Yes,No,Yes
1795,女性,No,Yes,No,Yes,No,Yes
1796,男性,No,No,No,Yes,No,No
1797,男性,No,No,No,Yes,No,No
1798,女性,No,No,No,Yes,No,Yes
1799,女性,Yes,No,Yes,Yes,No,Yes
1800,女性,No,No,No,Yes,Yes,No
1801,女性,No,No,No,Yes,No,No
1802,女性,No,No,No,No,No,Yes
1803,女性,No,No,No,Yes,No,Yes
1804,男性,No,Yes,Yes,No,No,No
1805,女性,Yes,No,No,Yes,No,Yes
1806,女性,No,No,No,Yes,No,No
1807,女性,No,No,No,Yes,No,Yes
1808,女性,No,No,No,No,Yes,No
1809,女性,No,No,No,Yes,Yes,No
1810,女性,No,No,No,Yes,No,Yes
1811,男性,No,Yes,No,No,No,No
1812,女性,No,No,No,No,Yes,Yes
1813,男性,Yes,No,No,Yes,No,Yes
1814,女性,No,No,No,No,Yes,No
1815,女性,No,No,Yes,No,No,No
1816,男性,No,No,No,Yes,No,No
1817,女性,No,No,No,Yes,Yes,Yes
1818,男性,Yes,No,No,No,No,Yes
1819,女性,No,No,No,Yes,No,No
1820,男性,Yes,Yes,No,No,No,No
1821,女性,No,No,No,No,Yes,Yes
1822,女性,No,No,No,Yes,No,Yes
1823,女性,Yes,No,No,No,No,No
1824,女性,No,No,No,Yes,No,No
1825,女性,No,No,No,No,No,No
1826,女性,No,No,No,No,No,Yes
1827,女性,No,No,No,Yes,Yes,No
1828,女性,No,No,No,No,Yes,No
1829,男性,No,No,Yes,Yes,No,Yes
1830,女性,No,No,No,No,No,No
1831,女性,No,No,No,Yes,No,No
1832,女性,No,No,No,Yes,No,No
1833,女性,Yes,No,No,Yes,No,No
1834,女性,Yes,No,No,Yes,Yes,Yes
1835,女性,No,Yes,No,Yes,No,No
1836,女性,No,No,No,Yes,No,No
1837,女性,No,No,No,No,No,Yes
1838,女性,Yes,No,No,Yes,No,No
1839,男性,Yes,No,No,No,No,Yes
1840,女性,Yes,No,Yes,No,No,No
1841,女性,No,No,No,Yes,Yes,No
1842,女性,No,No,No,Yes,No,No
1843,女性,No,No,No,Yes,No,Yes
1844,女性,No,No,Yes,No,Yes,No
1845,女性,No,No,Yes,Yes,Yes,No
1846,男性,No,No,No,Yes,No,Yes
1847,男性,Yes,Yes,No,No,No,No
1848,女性,No,No,No,Yes,No,No
1849,女性,Yes,No,No,Yes,Yes,Yes
1850,女性,No,No,No,No,No,No
1851,女性,Yes,No,Yes,Yes,Yes,Yes
1852,男性,No,No,No,Yes,No,No
1853,男性,No,No,No,Yes,No,Yes
1854,女性,No,No,No,No,No,No
1855,男性,Yes,No,No,No,No,Yes
1856,女性,Yes,No,No,Yes,No,Yes
1857,女性,No,Yes,No,Yes,No,No
1858,女性,No,No,No,No,No,No
1859,男性,No,No,No,No,No,Yes
1860,女性,No,No,Yes,No,No,No
1861,女性,No,No,No,Yes,Yes,No
1862,女性,Yes,Yes,No,No,No,No
1863,女性,Yes,No,No,No,No,No
1864,女性,No,No,No,Yes,No,No
1865,女性,No,No,No,Yes,No,No
1866,女性,No,No,No,Yes,No,Yes
1867,男性,No,No,No,Yes,No,No
1868,女性,No,No,No,Yes,Yes,Yes
1869,男性,No,No,No,No,No,No
1870,女性,No,No,Yes,No,No,Yes
1871,女性,No,No,No,No,No,Yes
1872,女性,Yes,No,No,No,No,No
1873,女性,No,No,No,No,Yes,Yes
1874,女性,No,No,Yes,No,No,No
1875,女性,No,No,No,No,Yes,No
1876,女性,Yes,No,No,Yes,Yes,Yes
1877,女性,No,No,No,Yes,No,No
1878,男性,No,Yes,No,Yes,No,No
1879,女性,No,No,No,No,No,No
1880,男性,No,No,No,Yes,Yes,Yes
1881,女性,No,No,No,Yes,No,No
1882,男性,Yes,No,Yes,Yes,No,No
1883,女性,No,No,No,No,Yes,No
1884,女性,No,No,No,Yes,No,No
1885,女性,Yes,No,No,No,Yes,Yes
1886,女性,No,Yes,Yes,Yes,No,No
1887,男性,No,No,No,Yes,No,No
1888,女性,No,No,No,Yes,No,No
1889,男性,No,No,No,No,Yes,No
1890,女性,No,No,No,Yes,Yes,No
1891,女性,No,Yes,No,No,No,No
1892,女性,No,No,No,Yes,No,Yes
1893,女性,No,No,No,Yes,No,No
1894,女性,Yes,No,No,No,No,No
1895,女性,No,No,No,No,Yes,No
1896,女性,No,No,No,Yes,Yes,No
1897,女性,No,No,No,No,No,No
1898,女性,No,No,No,No,No,No
1899,女性,No,No,No,No,No,No
1900,男性,No,No,No,Yes,No,No
1901,女性,No,No,No,Yes,Yes,No
1902,女性,No,No,No,No,Yes,Yes
1903,女性,No,No,Yes,Yes,No,Yes
1904,男性,No,No,No,No,No,No
1905,女性,No,No,No,Yes,Yes,No
1906,男性,No,No,No,No,No,Yes
1907,男性,No,No,No,Yes,No,No
1908,女性,No,No,No,Yes,No,No
1909,女性,No,No,No,Yes,Yes,No
1910,女性,No,No,No,Yes,No,No
1911,男性,Yes,Yes,No,Yes,No,Yes
1912,女性,Yes,No,No,No,Yes,Yes
1913,男性,No,No,No,Yes,No,No
1914,女性,No,Yes,No,No,No,No
1915,女性,No,No,No,Yes,No,No
1916,女性,No,No,No,No,Yes,No
1917,女性,No,No,No,No,No,No
1918,女性,Yes,No,No,Yes,Yes,Yes
1919,女性,No,No,Yes,Yes,Yes,No
1920,女性,No,No,No,Yes,No,No
1921,女性,No,No,No,No,No,No
1922,女性,Yes,No,No,No,No,Yes
1923,女性,No,No,No,No,No,No
1924,女性,Yes,No,Yes,Yes,No,No
1925,女性,No,No,No,No,Yes,No
1926,女性,Yes,No,No,Yes,No,No
1927,女性,No,No,No,Yes,No,No
1928,女性,No,No,No,No,No,Yes
1929,女性,Yes,No,No,Yes,No,Yes
1930,女性,No,Yes,No,Yes,No,No
1931,男性,No,No,No,No,No,No
1932,男性,Yes,No,Yes,Yes,No,Yes
1933,女性,No,No,No,No,No,No
1934,女性,No,No,No,Yes,No,No
1935,男性,Yes,Yes,No,Yes,No,Yes
1936,女性,No,No,No,Yes,No,No
1937,女性,No,No,Yes,Yes,Yes,Yes
1938,女性,No,No,No,No,Yes,No
1939,女性,No,No,No,Yes,No,No
1940,女性,No,No,No,No,No,No
1941,女性,No,No,No,Yes,Yes,No
1942,女性,Yes,No,No,Yes,Yes,No
1943,女性,Yes,No,No,Yes,No,Yes
1944,男性,No,No,No,No,No,No
1945,女性,No,No,No,Yes,No,No
1946,女性,No,Yes,No,Yes,No,Yes
1947,男性,Yes,Yes,No,Yes,No,No
1948,女性,Yes,Yes,No,Yes,Yes,Yes
1949,男性,No,Yes,No,No,No,No
1950,女性,No,No,No,No,Yes,Yes
1951,女性,No,Yes,Yes,Yes,No,No
1952,女性,Yes,Yes,No,No,Yes,No
1953,男性,Yes,No,No,No,No,No
1954,女性,No,Yes,No,No,No,No
1955,女性,No,No,No,Yes,No,No
1956,女性,No,No,No,No,Yes,Yes
1957,女性,Yes,No,No,Yes,No,No
1958,女性,Yes,No,No,No,No,Yes
1959,男性,Yes,No,No,No,No,Yes
1960,女性,No,No,No,No,Yes,No
1961,男性,No,No,No,Yes,No,No
1962,女性,Yes,No,No,Yes,No,No
1963,女性,No,No,No,Yes,No,No
1964,男性,No,Yes,No,Yes,No,Yes
1965,女性,No,No,No,No,Yes,Yes
1966,女性,No,Yes,No,No,Yes,No
1967,女性,No,No,No,Yes,Yes,Yes
1968,男性,No,No,No,Yes,No,No
1969,女性,No,No,No,No,Yes,No
1970,男性,No,No,No,No,No,Yes
1971,女性,No,No,No,Yes,No,No
1972,女性,No,No,No,Yes,No,No
1973,男性,No,No,No,No,No,No
1974,男性,No,No,No,No,No,No
1975,女性,No,No,No,Yes,No,No
1976,男性,No,Yes,No,Yes,No,No
1977,女性,Yes,No,Yes,Yes,Yes,Yes
1978,女性,No,Yes,No,Yes,No,No
1979,女性,No,Yes,No,No,No,No
1980,男性,No,Yes,No,Yes,No,No
1981,女性,No,No,No,No,No,No
1982,女性,No,No,No,No,No,No
1983,男性,No,Yes,No,Yes,No,No
1984,女性,No,No,No,No,No,No
1985,女性,No,No,Yes,No,Yes,Yes
1986,女性,No,No,No,Yes,No,No
1987,女性,No,No,No,Yes,No,No
1988,男性,No,No,No,No,No,No
1989,女性,No,No,No,No,No,No
1990,女性,No,Yes,No,No,No,No
1991,男性,No,Yes,No,No,No,Yes
1992,女性,No,No,Yes,No,No,No
1993,女性,No,No,No,No,No,Yes
1994,女性,Yes,No,No,Yes,No,No
1995,女性,No,No,No,No,No,No
1996,女性,No,No,No,Yes,Yes,Yes
1997,女性,No,No,No,Yes,Yes,No
1998,男性,No,No,No,No,No,No
1999,女性,No,No,No,Yes,No,No
2000,男性,Yes,Yes,No,No,No,No
2001,女性,No,No,No,No,No,No
2002,女性,Yes,No,Yes,Yes,Yes,No
2003,男性,No,No,No,No,No,No
2004,男性,No,Yes,No,No,No,No
2005,女性,No,No,No,Yes,No,No
2006,女性,No,No,No,No,No,Yes
2007,女性,No,No,No,No,Yes,No
2008,男性,Yes,Yes,No,Yes,No,Yes
2009,女性,No,No,No,Yes,No,No
2010,男性,No,No,No,Yes,No,Yes
2011,女性,No,No,No,Yes,Yes,Yes
2012,男性,No,No,No,Yes,No,No
2013,男性,No,No,Yes,Yes,No,No
2014,女性,No,No,No,No,No,No
2015,女性,No,No,No,No,No,No
2016,女性,Yes,No,No,No,No,No
2017,男性,No,No,No,Yes,No,No
2018,女性,Yes,No,No,Yes,No,Yes
2019,男性,Yes,No,No,No,No,No
2020,女性,No,No,No,No,No,No
2021,女性,No,No,No,Yes,Yes,No
2022,女性,No,No,No,Yes,Yes,Yes
2023,女性,No,Yes,No,Yes,No,Yes
2024,女性,No,No,No,Yes,Yes,No
2025,男性,Yes,No,No,No,No,Yes
2026,男性,No,Yes,No,Yes,No,No
2027,女性,Yes,No,No,No,No,Yes
2028,女性,No,No,No,Yes,Yes,Yes
2029,女性,No,No,No,No,Yes,No
2030,女性,No,No,No,Yes,No,No
2031,女性,No,No,No,Yes,Yes,Yes
2032,男性,No,No,No,No,No,No
2033,女性,No,No,No,Yes,No,Yes
2034,女性,No,No,No,No,No,Yes
2035,男性,Yes,No,Yes,Yes,Yes,No
2036,女性,No,Yes,No,Yes,No,Yes
2037,女性,No,No,No,No,No,No
2038,女性,No,No,No,Yes,No,Yes
2039,男性,No,Yes,No,No,No,No
2040,女性,No,No,No,No,No,No
2041,男性,No,No,No,No,No,Yes
2042,男性,No,No,No,No,No,No
2043,女性,No,No,Yes,Yes,No,Yes
2044,男性,No,No,No,Yes,No,No
2045,男性,No,No,No,No,No,Yes
2046,男性,No,Yes,No,Yes,No,No
2047,女性,Yes,No,No,No,Yes,No
2048,女性,No,No,No,Yes,Yes,No
2049,男性,No,No,No,No,No,Yes
2050,男性,No,No,Yes,Yes,No,No
2051,女性,No,No,No,Yes,No,Yes
2052,女性,No,No,No,No,Yes,No
2053,女性,No,No,No,Yes,Yes,Yes
2054,女性,No,Yes,No,Yes,Yes,Yes
2055,女性,No,No,No,Yes,No,Yes
2056,女性,No,Yes,No,No,Yes,No
2057,女性,Yes,Yes,No,Yes,Yes,Yes
2058,男性,Yes,No,Yes,No,No,No
2059,女性,No,No,No,No,Yes,No
2060,男性,No,No,No,No,No,No
2061,男性,No,Yes,No,Yes,No,Yes
2062,男性,Yes,Yes,No,Yes,No,No
2063,男性,No,Yes,No,No,No,No
2064,男性,Yes,Yes,No,Yes,No,Yes
2065,女性,Yes,No,No,Yes,No,Yes
2066,男性,No,No,No,Yes,No,Yes
2067,女性,No,No,No,No,Yes,No
2068,女性,No,No,No,Yes,Yes,Yes
2069,女性,No,No,No,Yes,No,Yes
2070,女性,No,No,No,No,Yes,Yes
2071,男性,No,Yes,No,Yes,No,No
2072,女性,Yes,No,No,No,Yes,Yes
2073,男性,Yes,Yes,No,No,No,Yes
2074,男性,Yes,No,Yes,No,No,Yes
2075,男性,No,Yes,No,No,No,No
2076,男性,No,No,No,No,No,Yes
2077,女性,No,No,No,Yes,No,No
2078,女性,No,No,No,Yes,No,Yes
2079,女性,Yes,No,Yes,Yes,No,No
2080,女性,No,No,No,Yes,No,Yes
2081,女性,No,No,No,No,No,No
2082,女性,No,No,No,Yes,No,Yes
2083,女性,No,No,Yes,No,No,Yes
2084,女性,Yes,No,Yes,Yes,No,No
2085,女性,No,No,No,No,Yes,No
2086,女性,No,Yes,No,Yes,No,Yes
2087,男性,No,Yes,No,No,No,Yes
2088,女性,No,No,No,Yes,Yes,No
2089,男性,Yes,Yes,Yes,Yes,No,Yes
2090,男性,No,No,No,No,No,No
2091,男性,No,No,Yes,Yes,No,Yes
2092,女性,Yes,No,No,No,No,No
2093,女性,No,No,No,No,No,No
2094,女性,No,No,No,No,No,Yes
2095,女性,No,No,No,No,No,Yes
2096,男性,No,No,No,Yes,No,Yes
2097,女性,No,No,No,No,Yes,Yes
2098,女性,No,No,No,No,No,No
2099,女性,No,No,No,Yes,No,No
2100,男性,No,No,No,No,No,No
2101,女性,No,No,No,No,Yes,No
2102,女性,No,No,No,No,No,Yes
2103,女性,Yes,No,No,Yes,Yes,No
2104,女性,No,No,No,Yes,Yes,No
2105,女性,No,No,No,No,No,No
2106,男性,Yes,Yes,Yes,Yes,No,Yes
2107,男性,No,No,No,Yes,No,No
2108,男性,No,No,No,Yes,No,Yes
2109,女性,No,No,No,Yes,No,No
2110,女性,No,No,No,No,Yes,Yes
2111,女性,Yes,No,No,No,No,No
2112,男性,No,No,No,No,No,No
2113,女性,No,No,No,Yes,No,No
2114,女性,Yes,No,Yes,Yes,No,Yes
2115,女性,No,No,No,No,No,Yes
2116,女性,No,No,No,No,No,No
2117,女性,Yes,No,No,Yes,No,No
2118,男性,No,No,No,No,No,No
2119,女性,Yes,Yes,No,Yes,No,Yes
2120,女性,Yes,Yes,No,Yes,Yes,No
2121,女性,No,No,No,Yes,Yes,No
2122,男性,No,Yes,No,Yes,No,No
2123,女性,Yes,No,No,No,No,No
2124,男性,Yes,No,No,No,No,Yes
2125,女性,Yes,No,No,No,No,Yes
2126,女性,Yes,No,No,No,No,No
2127,男性,No,No,No,No,No,No
2128,男性,No,Yes,No,Yes,No,No
2129,女性,Yes,No,No,Yes,No,No
2130,女性,No,Yes,No,Yes,Yes,Yes
2131,女性,Yes,No,Yes,Yes,No,Yes
2132,男性,No,No,No,Yes,Yes,Yes
2133,男性,No,Yes,No,No,No,No
2134,女性,No,No,No,Yes,No,No
2135,男性,Yes,No,Yes,No,No,Yes
2136,男性,No,No,No,Yes,No,No
2137,女性,Yes,No,No,No,No,No
2138,女性,Yes,No,No,No,No,Yes
2139,女性,No,No,No,Yes,No,Yes
2140,女性,No,No,No,No,No,No
2141,女性,No,No,Yes,Yes,Yes,Yes
2142,女性,Yes,No,Yes,Yes,No,No
2143,女性,No,No,No,Yes,Yes,No
2144,男性,Yes,No,No,No,No,Yes
2145,女性,No,Yes,Yes,No,No,No
2146,男性,No,Yes,No,Yes,No,Yes
2147,男性,Yes,No,No,No,No,No
2148,男性,No,No,No,No,No,Yes
2149,女性,No,No,No,Yes,No,Yes
2150,女性,Yes,No,No,Yes,No,No
2151,女性,No,No,No,Yes,No,Yes
2152,女性,No,No,No,Yes,Yes,Yes
2153,女性,No,No,No,Yes,Yes,No
2154,男性,No,Yes,No,No,No,Yes
2155,女性,Yes,No,No,No,Yes,No
2156,女性,Yes,No,Yes,Yes,No,Yes
2157,女性,No,No,No,Yes,No,Yes
2158,男性,No,No,No,No,No,Yes
2159,女性,No,No,No,Yes,Yes,No
2160,男性,No,No,No,Yes,No,No
2161,女性,Yes,No,No,Yes,No,No
2162,女性,No,No,No,Yes,No,Yes
2163,女性,No,Yes,No,Yes,No,Yes
2164,女性,No,No,No,Yes,Yes,No
2165,女性,No,No,No,No,Yes,Yes
2166,女性,No,Yes,No,Yes,No,No
2167,女性,No,No,No,No,Yes,Yes
2168,女性,No,No,No,Yes,No,No
2169,女性,No,No,No,Yes,No,No
2170,男性,Yes,No,No,Yes,No,No
2171,男性,Yes,No,No,No,No,No
2172,男性,No,No,No,No,No,Yes
2173,女性,No,No,Yes,No,No,No
2174,男性,No,Yes,No,Yes,No,Yes
2175,男性,No,No,No,No,No,No
2176,女性,No,No,Yes,Yes,No,No
2177,男性,No,No,No,Yes,No,No
2178,男性,No,No,Yes,Yes,No,Yes
2179,女性,Yes,No,No,Yes,Yes,No
2180,女性,No,No,Yes,Yes,Yes,No
2181,女性,No,No,No,Yes,No,No
2182,女性,No,No,No,No,No,No
2183,女性,Yes,No,No,Yes,Yes,Yes
2184,男性,No,No,No,No,No,No
2185,女性,No,Yes,Yes,Yes,No,No
2186,女性,No,No,No,Yes,No,No
2187,男性,No,No,No,No,No,Yes
2188,男性,No,No,No,No,No,Yes
2189,女性,No,No,No,Yes,Yes,Yes
2190,女性,No,Yes,Yes,Yes,Yes,No
2191,女性,No,Yes,Yes,Yes,No,No
2192,女性,Yes,No,Yes,Yes,No,No
2193,男性,No,No,Yes,Yes,No,No
2194,女性,No,No,No,Yes,Yes,Yes
2195,男性,No,No,No,No,No,No
2196,男性,Yes,Yes,No,Yes,No,Yes
2197,女性,No,No,No,Yes,No,No
2198,男性,No,No,No,No,Yes,Yes
2199,女性,No,No,Yes,Yes,No,Yes
2200,女性,Yes,No,No,No,No,Yes
2201,男性,No,Yes,No,No,No,No
2202,女性,No,Yes,Yes,Yes,Yes,No
2203,女性,No,No,No,Yes,No,Yes
2204,男性,No,No,No,No,No,Yes
2205,男性,No,Yes,No,Yes,No,No
2206,女性,No,No,No,Yes,No,No
2207,女性,No,No,No,Yes,Yes,No
2208,女性,No,No,No,Yes,No,No
2209,男性,No,Yes,Yes,Yes,No,Yes
2210,女性,No,No,No,No,No,Yes
2211,女性,No,No,No,No,Yes,Yes
2212,男性,Yes,Yes,No,No,No,No
2213,女性,No,No,No,Yes,Yes,No
2214,女性,No,No,No,Yes,No,Yes
2215,女性,No,No,No,No,No,Yes
2216,女性,No,No,No,No,No,No
2217,女性,No,No,No,Yes,No,Yes
2218,女性,No,No,No,Yes,Yes,No
2219,女性,No,No,No,No,No,No
2220,女性,No,No,No,Yes,No,Yes
2221,男性,No,No,No,No,No,No
2222,男性,No,No,No,Yes,No,No
2223,男性,No,No,No,Yes,Yes,No
2224,女性,No,No,No,Yes,No,No
2225,男性,No,No,No,Yes,No,No
2226,男性,No,Yes,Yes,Yes,No,Yes
2227,女性,No,No,No,No,Yes,Yes
2228,女性,Yes,No,No,Yes,No,No
2229,女性,No,Yes,No,Yes,Yes,No
2230,女性,Yes,No,No,Yes,Yes,No
2231,女性,Yes,No,No,Yes,Yes,Yes
2232,女性,No,No,No,No,Yes,No
2233,女性,Yes,No,Yes,Yes,No,Yes
2234,女性,No,No,No,Yes,No,Yes
2235,男性,Yes,Yes,No,No,No,Yes
2236,女性,Yes,No,No,Yes,No,Yes
2237,女性,No,No,No,No,Yes,No
2238,男性,No,No,No,Yes,No,Yes
2239,女性,Yes,No,Yes,No,No,Yes
2240,女性,No,No,No,Yes,No,Yes
2241,女性,No,No,No,No,No,No
2242,女性,No,No,No,Yes,Yes,No
2243,女性,Yes,Yes,No,Yes,Yes,Yes
2244,女性,No,No,No,No,Yes,No
2245,女性,No,No,No,No,No,No
2246,女性,No,No,No,No,No,No
2247,女性,No,No,No,No,Yes,No
2248,男性,Yes,No,No,No,No,No
2249,女性,No,No,No,Yes,Yes,No
2250,女性,Yes,Yes,No,Yes,Yes,No
2251,女性,No,No,No,Yes,No,Yes
2252,男性,No,No,No,No,No,No
2253,女性,No,No,No,Yes,No,Yes
2254,女性,No,No,No,No,Yes,Yes
2255,女性,No,No,No,No,No,No
2256,女性,No,No,Yes,Yes,No,Yes
2257,女性,Yes,No,No,Yes,No,No
2258,女性,Yes,No,No,No,Yes,Yes
2259,女性,No,No,No,Yes,Yes,Yes
2260,女性,No,No,No,No,No,No
2261,女性,No,No,No,Yes,Yes,Yes
2262,女性,No,No,Yes,No,No,No
2263,女性,No,No,Yes,Yes,Yes,No
2264,女性,No,No,No,No,No,No
2265,女性,Yes,No,Yes,No,No,Yes
2266,女性,No,No,No,Yes,No,No
2267,男性,Yes,No,Yes,No,No,Yes
2268,女性,No,No,No,Yes,No,No
2269,女性,Yes,No,No,No,No,No
2270,男性,No,No,No,No,No,No
2271,女性,No,No,No,Yes,Yes,No
2272,女性,No,No,Yes,Yes,Yes,No
2273,男性,No,No,No,No,No,No
2274,女性,No,No,No,Yes,Yes,Yes
2275,女性,No,No,No,No,Yes,No
2276,女性,No,No,No,Yes,Yes,Yes
2277,女性,No,No,No,Yes,No,Yes
2278,女性,No,No,No,Yes,No,No
2279,女性,Yes,No,Yes,No,No,No
2280,女性,Yes,Yes,Yes,No,Yes,No
2281,男性,No,No,No,Yes,No,Yes
2282,女性,No,No,No,No,No,No
2283,女性,No,No,No,Yes,No,No
2284,女性,Yes,Yes,Yes,Yes,Yes,Yes
2285,女性,No,No,No,No,Yes,Yes
2286,女性,Yes,No,No,No,No,No
2287,女性,No,No,No,Yes,No,No
2288,女性,No,No,No,Yes,No,No
2289,男性,No,Yes,No,Yes,No,No
2290,女性,No,No,No,Yes,No,No
2291,男性,No,No,No,No,No,No
2292,女性,No,No,No,No,No,No
2293,女性,Yes,No,Yes,Yes,Yes,Yes
2294,男性,No,Yes,No,No,No,Yes
2295,女性,No,No,Yes,Yes,No,Yes
2296,男性,No,No,Yes,No,No,No
2297,女性,Yes,No,Yes,Yes,No,Yes
2298,男性,No,Yes,No,Yes,Yes,Yes
2299,男性,Yes,No,No,Yes,No,Yes
2300,男性,No,No,No,No,No,No
2301,女性,No,No,No,Yes,No,Yes
2302,男性,No,No,No,No,No,Yes
2303,女性,No,No,No,No,Yes,No
2304,男性,No,Yes,Yes,Yes,No,No
2305,女性,No,No,No,Yes,No,No
2306,女性,Yes,Yes,Yes,Yes,No,Yes
2307,女性,Yes,No,No,Yes,No,Yes
2308,男性,No,No,No,No,Yes,Yes
2309,女性,No,No,No,No,Yes,No
2310,女性,No,No,No,Yes,No,Yes
2311,女性,No,No,No,Yes,Yes,No
2312,男性,No,Yes,No,No,No,No
2313,女性,No,No,No,No,No,No
2314,女性,Yes,Yes,No,Yes,No,No
2315,男性,No,No,No,No,No,No
2316,女性,Yes,No,Yes,Yes,No,No
2317,女性,Yes,No,No,Yes,Yes,No
2318,女性,Yes,No,Yes,No,No,Yes
2319,男性,No,No,No,No,No,Yes
2320,女性,No,No,No,Yes,Yes,No
2321,女性,No,No,No,No,Yes,Yes
2322,女性,No,No,No,Yes,No,No
2323,女性,No,No,Yes,No,No,Yes
2324,男性,No,No,No,Yes,Yes,Yes
2325,男性,Yes,No,Yes,Yes,No,Yes
2326,女性,Yes,No,No,Yes,No,Yes
2327,女性,No,No,Yes,Yes,Yes,No
2328,女性,No,No,No,No,Yes,No
2329,女性,No,No,Yes,No,No,No
2330,女性,No,No,No,Yes,Yes,Yes
2331,男性,No,Yes,Yes,No,No,Yes
2332,女性,Yes,No,No,Yes,No,Yes
2333,女性,Yes,No,Yes,No,Yes,Yes
2334,女性,No,Yes,Yes,No,No,Yes
2335,男性,No,No,No,No,No,No
2336,女性,No,No,No,Yes,No,No
2337,女性,No,No,No,Yes,No,Yes
2338,男性,No,No,No,No,No,Yes
2339,女性,No,No,No,Yes,No,Yes
2340,女性,No,Yes,No,Yes,No,No
2341,女性,No,No,No,Yes,Yes,No
2342,女性,No,No,No,No,Yes,No
2343,女性,No,No,No,Yes,No,No
2344,女性,No,No,Yes,Yes,Yes,No
2345,女性,No,No,No,No,No,No
2346,女性,No,No,No,Yes,Yes,No
2347,女性,No,No,No,Yes,No,Yes
2348,女性,Yes,No,Yes,Yes,Yes,No
2349,女性,No,No,Yes,No,No,Yes
2350,男性,Yes,No,No,No,No,No
2351,男性,No,No,No,No,No,Yes
2352,女性,Yes,Yes,No,Yes,No,No
2353,女性,No,No,No,Yes,No,No
2354,女性,No,No,No,No,Yes,No
2355,男性,No,Yes,No,Yes,No,Yes
2356,女性,Yes,Yes,Yes,Yes,Yes,No
2357,男性,No,Yes,Yes,No,No,Yes
2358,女性,No,No,No,No,No,No
2359,男性,No,No,No,No,No,No
2360,女性,No,No,No,Yes,Yes,No
2361,女性,No,No,No,Yes,No,No
2362,男性,No,No,No,No,No,Yes
2363,男性,No,No,No,No,No,Yes
2364,男性,Yes,No,No,Yes,No,No
2365,女性,Yes,No,No,No,Yes,No
2366,男性,No,Yes,No,Yes,Yes,Yes
2367,女性,No,No,Yes,No,Yes,Yes
2368,女性,No,No,No,No,No,No
2369,女性,Yes,No,No,Yes,Yes,No
2370,女性,No,No,No,No,No,No
2371,女性,No,No,No,Yes,Yes,Yes
2372,女性,No,No,No,Yes,Yes,No
2373,男性,No,No,No,No,No,No
2374,女性,No,No,No,No,No,No
2375,男性,No,No,No,Yes,No,No
2376,男性,No,No,No,No,No,Yes
2377,男性,No,Yes,No,Yes,Yes,No
2378,男性,No,No,No,No,No,Yes
2379,男性,No,No,No,Yes,No,No
2380,男性,No,Yes,No,Yes,No,Yes
2381,女性,No,No,Yes,Yes,No,No
2382,男性,No,No,No,No,No,No
2383,男性,Yes,No,No,Yes,No,Yes
2384,女性,No,No,No,No,No,Yes
2385,女性,No,No,Yes,No,No,No
2386,女性,No,No,No,No,No,No
2387,男性,No,No,No,No,No,No
2388,女性,Yes,No,No,Yes,Yes,No
2389,男性,No,No,No,No,No,Yes
2390,女性,No,No,No,No,No,No
2391,男性,No,No,No,Yes,No,No
2392,女性,Yes,No,Yes,Yes,No,Yes
2393,男性,No,No,No,Yes,No,No
2394,女性,No,Yes,No,No,No,Yes
2395,女性,Yes,No,No,Yes,Yes,No
2396,女性,No,No,Yes,Yes,No,Yes
2397,女性,No,No,No,Yes,Yes,No
2398,女性,No,No,No,Yes,No,No
2399,女性,Yes,No,No,No,Yes,No
2400,男性,No,No,No,Yes,No,No
2401,女性,No,No,No,No,Yes,No
2402,女性,No,No,No,Yes,No,Yes
2403,女性,No,Yes,No,No,No,Yes
2404,女性,Yes,Yes,No,Yes,No,Yes
2405,男性,No,Yes,No,Yes,Yes,No
2406,男性,No,No,Yes,Yes,No,No
2407,女性,No,No,No,Yes,No,Yes
2408,女性,No,No,No,Yes,Yes,No
2409,女性,No,No,No,Yes,Yes,No
2410,女性,No,No,No,No,No,No
2411,男性,No,Yes,Yes,Yes,No,Yes
2412,男性,No,Yes,Yes,Yes,Yes,Yes
2413,女性,No,No,No,No,No,Yes
2414,女性,No,No,No,No,No,Yes
2415,男性,No,No,No,Yes,No,No
2416,女性,No,No,No,Yes,No,Yes
2417,女性,Yes,No,No,Yes,Yes,No
2418,男性,No,Yes,Yes,No,No,Yes
2419,女性,Yes,No,No,Yes,No,Yes
2420,男性,No,Yes,No,No,No,No
2421,女性,Yes,No,Yes,Yes,Yes,Yes
2422,女性,No,No,Yes,No,No,No
2423,女性,Yes,No,No,Yes,Yes,No
2424,男性,Yes,Yes,No,Yes,No,Yes
2425,女性,Yes,No,No,No,Yes,No
2426,女性,No,No,No,No,No,No
2427,女性,No,Yes,No,Yes,No,Yes
2428,女性,No,No,Yes,Yes,No,No
2429,男性,No,No,No,No,No,No
2430,男性,No,No,No,No,No,No
2431,男性,No,No,No,No,No,No
2432,女性,No,No,No,No,No,No
2433,女性,Yes,No,No,Yes,No,Yes
2434,男性,No,No,No,No,No,No
2435,男性,No,No,Yes,No,No,No
2436,男性,No,No,No,Yes,No,No
2437,女性,No,Yes,No,Yes,No,Yes
2438,女性,No,No,No,Yes,No,Yes
2439,女性,No,No,No,Yes,No,Yes
2440,男性,No,No,No,No,No,No
2441,女性,No,Yes,No,Yes,Yes,No
2442,女性,No,No,No,Yes,No,No
2443,女性,No,No,No,Yes,No,No
2444,女性,Yes,Yes,No,Yes,No,Yes
2445,女性,No,No,No,No,No,No
2446,女性,No,No,No,Yes,Yes,No
2447,男性,No,No,No,No,No,No
2448,女性,No,No,No,Yes,No,No
2449,女性,Yes,No,Yes,Yes,Yes,Yes
2450,男性,No,Yes,Yes,Yes,Yes,No
2451,女性,No,No,No,No,No,No
2452,女性,Yes,No,Yes,Yes,Yes,Yes
2453,女性,Yes,No,No,No,No,No
2454,女性,Yes,No,No,Yes,No,No
2455,女性,No,No,No,No,No,Yes
2456,女性,Yes,No,Yes,Yes,Yes,Yes
2457,女性,Yes,No,No,Yes,No,Yes
2458,女性,No,No,No,Yes,No,No
2459,女性,No,No,No,Yes,Yes,No
2460,女性,No,No,No,No,No,No
2461,女性,No,No,No,Yes,No,No
2462,女性,No,Yes,No,No,No,Yes
2463,女性,No,No,No,Yes,Yes,No
2464,女性,No,No,Yes,No,No,No
2465,女性,No,No,Yes,No,No,No
2466,女性,Yes,No,No,Yes,No,No
2467,男性,No,No,Yes,No,No,Yes
2468,女性,Yes,No,No,No,Yes,No
2469,男性,No,No,No,Yes,Yes,No
2470,女性,No,Yes,No,Yes,No,No
2471,男性,No,Yes,Yes,Yes,No,No
2472,女性,No,No,No,No,No,No
2473,男性,No,No,No,Yes,No,No
2474,女性,Yes,No,Yes,No,No,No
2475,女性,No,No,No,Yes,No,Yes
2476,男性,No,Yes,No,Yes,No,No
2477,女性,No,No,No,Yes,No,Yes
2478,女性,No,No,No,Yes,Yes,Yes
2479,女性,Yes,No,No,No,No,Yes
2480,男性,Yes,No,No,No,No,No
2481,女性,No,No,No,Yes,No,No
2482,男性,No,No,No,No,Yes,No
2483,女性,No,Yes,No,Yes,No,No
2484,男性,No,Yes,No,No,No,No
2485,女性,No,No,No,Yes,No,No
2486,女性,No,No,No,Yes,Yes,No
2487,女性,No,No,No,No,Yes,Yes
2488,男性,No,Yes,No,Yes,No,Yes
2489,女性,Yes,Yes,No,Yes,Yes,No
2490,女性,No,No,No,No,No,No
2491,女性,No,No,No,Yes,Yes,Yes
2492,男性,Yes,Yes,No,Yes,No,No
2493,男性,No,No,No,No,No,No
2494,女性,No,No,Yes,Yes,No,No
2495,女性,No,No,No,No,Yes,No
2496,女性,No,No,No,Yes,No,No
2497,女性,Yes,No,No,No,Yes,No
2498,女性,No,Yes,No,Yes,No,No
2499,女性,Yes,Yes,No,No,Yes,No
2500,女性,Yes,No,Yes,No,No,No
2501,女性,No,No,No,Yes,No,No
2502,女性,No,No,No,No,No,No
2503,女性,No,No,Yes,Yes,No,Yes
2504,男性,Yes,Yes,No,No,No,No
2505,男性,No,Yes,No,No,No,No
2506,女性,No,No,No,Yes,No,No
2507,男性,No,Yes,No,Yes,No,No
2508,女性,No,No,No,Yes,No,No
2509,女性,No,No,No,Yes,Yes,No
2510,男性,No,Yes,No,No,No,No
2511,男性,Yes,No,No,Yes,No,No
2512,男性,No,No,No,No,No,No
2513,女性,No,No,No,Yes,Yes,Yes
2514,女性,Yes,No,No,Yes,No,No
2515,女性,Yes,No,No,Yes,No,Yes
2516,女性,No,No,Yes,Yes,Yes,Yes
2517,女性,No,No,No,No,Yes,No
2518,女性,No,No,No,Yes,No,No
2519,女性,Yes,Yes,No,No,No,Yes
2520,女性,No,No,No,Yes,No,No
2521,男性,No,No,No,No,No,Yes
2522,男性,No,No,No,No,No,No
2523,女性,No,No,No,Yes,No,No
2524,女性,No,No,No,No,No,No
2525,男性,No,No,No,No,No,Yes
2526,女性,Yes,No,No,Yes,No,Yes
2527,女性,No,No,No,No,No,No
2528,女性,No,No,No,Yes,Yes,No
2529,男性,No,No,No,No,Yes,Yes
2530,男性,No,No,No,No,No,No
2531,男性,No,No,No,No,No,Yes
2532,女性,No,No,No,No,No,Yes
2533,女性,No,No,No,Yes,No,Yes
2534,女性,No,Yes,No,Yes,No,No
2535,女性,Yes,Yes,No,Yes,No,Yes
2536,男性,No,Yes,No,No,No,No
2537,女性,No,No,No,No,No,No
2538,男性,No,Yes,Yes,No,No,No
2539,男性,No,Yes,No,No,No,No
2540,男性,No,No,No,No,No,No
2541,女性,Yes,No,No,Yes,Yes,Yes
2542,男性,No,Yes,Yes,No,No,No
2543,女性,No,No,No,Yes,No,No
2544,男性,No,No,No,Yes,No,No
2545,男性,Yes,No,No,No,No,Yes
2546,女性,Yes,No,No,Yes,No,Yes
2547,女性,No,No,No,No,No,No
2548,男性,No,No,No,No,No,Yes
2549,女性,Yes,No,No,No,Yes,Yes
2550,男性,No,No,No,No,No,No
2551,女性,Yes,No,Yes,Yes,Yes,No
2552,女性,Yes,No,No,No,Yes,Yes
2553,女性,No,No,No,Yes,No,Yes
2554,女性,No,No,No,No,Yes,No
2555,女性,No,No,Yes,Yes,No,Yes
2556,女性,No,No,No,No,Yes,Yes
2557,女性,No,Yes,No,Yes,Yes,No
2558,女性,Yes,No,No,Yes,No,No
2559,女性,Yes,Yes,Yes,Yes,Yes,No
2560,女性,No,No,No,Yes,No,No
2561,女性,Yes,No,No,Yes,No,Yes
2562,男性,No,No,No,No,No,No
2563,男性,No,No,No,No,No,No
2564,女性,No,No,No,No,No,Yes
2565,男性,No,Yes,No,Yes,No,No
2566,男性,No,No,No,Yes,Yes,No
2567,男性,Yes,No,Yes,No,No,No
2568,女性,No,No,No,No,No,No
2569,女性,No,No,No,Yes,No,No
2570,女性,No,No,No,Yes,No,No
2571,女性,No,No,No,Yes,No,No
2572,男性,No,No,No,No,No,No
2573,女性,No,Yes,Yes,Yes,Yes,Yes
2574,女性,Yes,No,Yes,No,No,Yes
2575,女性,No,No,No,Yes,Yes,No
2576,女性,No,No,No,Yes,No,No
2577,女性,No,No,No,No,No,No
2578,女性,Yes,Yes,Yes,Yes,No,Yes
2579,女性,No,No,No,Yes,No,No
2580,女性,No,No,No,No,No,No
2581,女性,No,No,No,Yes,Yes,Yes
2582,女性,No,No,No,No,No,No
2583,女性,Yes,No,No,Yes,No,Yes
2584,男性,No,No,No,No,No,Yes
2585,女性,No,No,No,Yes,No,Yes
2586,女性,Yes,Yes,No,Yes,No,Yes
2587,女性,Yes,No,Yes,Yes,No,Yes
2588,女性,No,No,No,Yes,No,Yes
2589,男性,No,No,No,No,No,No
2590,男性,No,No,No,No,No,Yes
2591,女性,No,No,No,Yes,No,No
2592,女性,No,No,No,No,No,Yes
2593,女性,No,No,No,No,No,No
2594,女性,No,No,No,No,No,No
2595,女性,No,Yes,Yes,Yes,No,No
2596,女性,Yes,Yes,No,Yes,No,Yes
2597,男性,No,No,No,Yes,No,Yes
2598,女性,No,No,No,No,No,No
2599,男性,No,No,No,Yes,No,No
2600,男性,No,Yes,No,No,No,Yes
2601,女性,No,No,Yes,No,No,Yes
2602,男性,No,Yes,No,Yes,No,Yes
2603,男性,No,No,No,No,No,No
2604,女性,No,No,No,Yes,No,Yes
2605,女性,No,No,No,Yes,Yes,No
2606,女性,No,No,No,Yes,Yes,No
2607,男性,No,No,No,No,No,No
2608,女性,No,No,No,Yes,No,No
2609,女性,Yes,No,No,No,No,No
2610,女性,No,No,No,Yes,No,No
2611,女性,No,Yes,No,Yes,No,No
2612,女性,Yes,No,No,No,No,No
2613,男性,No,No,No,Yes,No,No
2614,男性,No,Yes,No,No,No,No
2615,男性,No,No,No,Yes,No,No
2616,男性,Yes,Yes,No,No,No,No
2617,男性,No,Yes,No,No,No,Yes
2618,女性,No,No,No,Yes,No,No
2619,男性,No,Yes,No,No,No,No
2620,男性,No,Yes,No,No,No,No
2621,女性,Yes,No,No,Yes,No,Yes
2622,男性,No,No,No,No,No,No
2623,女性,No,Yes,No,No,Yes,No
2624,女性,No,No,No,Yes,Yes,Yes
2625,男性,Yes,No,No,Yes,No,Yes
2626,女性,No,No,No,Yes,No,No
2627,女性,No,No,No,Yes,No,No
2628,女性,No,No,No,Yes,Yes,Yes
2629,女性,No,No,No,No,No,No
2630,男性,No,No,No,No,No,Yes
2631,男性,No,No,No,Yes,No,Yes
2632,女性,Yes,Yes,No,Yes,No,Yes
2633,女性,Yes,No,Yes,No,No,Yes
2634,男性,No,No,No,No,No,No
2635,女性,No,No,No,Yes,No,No
2636,女性,No,No,No,No,No,No
2637,女性,No,No,No,No,No,No
2638,女性,No,No,No,Yes,No,Yes
2639,男性,No,No,No,No,Yes,Yes
2640,女性,No,No,No,Yes,No,Yes
2641,女性,Yes,No,Yes,Yes,Yes,Yes
2642,男性,No,No,No,No,No,No
2643,女性,Yes,No,No,No,No,No
2644,女性,No,No,No,Yes,No,Yes
2645,男性,No,No,No,No,No,Yes
2646,女性,No,No,Yes,Yes,No,No
2647,女性,No,No,No,No,Yes,Yes
2648,女性,No,No,No,Yes,No,No
2649,女性,Yes,No,Yes,Yes,Yes,No
2650,男性,Yes,No,No,No,No,No
2651,女性,Yes,No,No,No,No,No
2652,女性,No,No,No,No,Yes,No
2653,女性,No,No,No,No,No,No
2654,男性,No,Yes,No,Yes,No,No
2655,女性,No,No,No,Yes,Yes,Yes
2656,男性,No,Yes,No,Yes,No,No
2657,女性,No,No,No,Yes,No,Yes
2658,女性,No,Yes,No,No,Yes,No
2659,男性,No,Yes,Yes,Yes,Yes,Yes
2660,女性,No,No,No,Yes,No,No
2661,女性,Yes,Yes,No,Yes,Yes,Yes
2662,女性,No,No,No,Yes,No,No
2663,女性,No,No,No,No,No,No
2664,男性,No,Yes,No,Yes,No,No
2665,女性,No,No,No,Yes,No,No
2666,男性,No,No,No,No,No,No
2667,女性,Yes,Yes,Yes,No,No,No
2668,女性,No,No,No,No,No,No
2669,女性,No,Yes,No,No,No,No
2670,男性,No,No,No,No,No,Yes
2671,男性,Yes,No,No,Yes,No,No
2672,女性,No,No,Yes,Yes,Yes,No
2673,女性,No,No,No,Yes,Yes,Yes
2674,女性,Yes,No,Yes,No,No,No
2675,女性,No,Yes,No,Yes,No,No
2676,男性,No,No,No,Yes,No,No
2677,男性,Yes,No,No,No,Yes,No
2678,女性,No,No,Yes,Yes,Yes,No
2679,女性,No,No,No,No,No,Yes
2680,女性,No,No,No,Yes,Yes,No
2681,女性,No,No,No,Yes,Yes,No
2682,女性,No,No,No,No,No,No
2683,女性,No,No,Yes,No,Yes,No
2684,女性,No,No,No,No,No,No
2685,女性,No,No,No,No,Yes,Yes
2686,女性,No,No,No,Yes,No,No
2687,女性,Yes,No,No,Yes,No,Yes
2688,女性,No,No,No,No,No,Yes
2689,女性,Yes,Yes,No,Yes,No,No
2690,女性,No,No,No,Yes,Yes,Yes
2691,男性,No,No,No,No,No,No
2692,男性,Yes,No,No,No,No,Yes
2693,男性,No,No,No,Yes,No,Yes
2694,女性,No,No,No,Yes,No,No
2695,女性,No,No,No,Yes,Yes,No
2696,女性,No,No,No,Yes,No,No
2697,女性,No,No,No,Yes,No,No
2698,女性,No,Yes,No,Yes,No,No
2699,女性,No,No,No,No,Yes,Yes
2700,女性,No,No,No,Yes,No,Yes
2701,女性,Yes,No,No,No,Yes,No
2702,女性,No,No,No,No,No,No
2703,女性,No,No,No,Yes,No,No
2704,男性,No,Yes,No,No,No,No
2705,女性,No,Yes,No,Yes,Yes,No
2706,女性,No,No,No,Yes,No,No
2707,女性,No,No,No,Yes,Yes,Yes
2708,男性,No,Yes,No,Yes,No,Yes
2709,女性,No,No,No,Yes,No,No
2710,女性,Yes,Yes,Yes,Yes,Yes,No
2711,男性,Yes,No,Yes,Yes,No,No
2712,女性,No,No,No,No,Yes,No
2713,女性,Yes,No,No,No,Yes,No
2714,女性,No,No,No,No,Yes,No
2715,女性,No,No,No,No,No,No
2716,男性,Yes,Yes,Yes,Yes,No,Yes
2717,女性,No,No,Yes,No,No,Yes
2718,男性,No,Yes,Yes,No,No,No
2719,女性,Yes,No,Yes,No,Yes,No
2720,女性,Yes,No,No,No,No,No
2721,女性,No,No,No,No,Yes,No
2722,女性,No,No,No,No,No,No
2723,女性,Yes,Yes,No,Yes,Yes,Yes
2724,女性,No,No,Yes,Yes,No,Yes
2725,男性,No,No,No,Yes,No,No
2726,女性,No,Yes,No,No,Yes,No
2727,女性,Yes,No,No,No,No,No
2728,女性,No,No,No,Yes,No,No
2729,女性,No,No,No,Yes,No,No
2730,女性,Yes,Yes,Yes,Yes,No,No
2731,女性,No,No,Yes,Yes,Yes,No
2732,女性,No,Yes,No,Yes,No,Yes
2733,男性,No,No,Yes,Yes,No,No
2734,女性,Yes,No,Yes,Yes,No,No
2735,男性,No,No,No,Yes,Yes,Yes
2736,女性,No,No,No,Yes,No,No
2737,男性,No,No,No,No,No,No
2738,女性,Yes,Yes,Yes,Yes,No,Yes
2739,男性,No,No,No,No,No,No
2740,女性,Yes,No,No,No,No,Yes
2741,男性,No,No,No,Yes,No,No
2742,女性,Yes,No,No,No,Yes,No
2743,男性,No,No,No,Yes,No,Yes
2744,女性,No,No,No,Yes,No,No
2745,男性,No,No,No,No,No,No
2746,男性,No,No,Yes,No,No,Yes
2747,男性,No,No,Yes,Yes,No,No
2748,女性,No,No,No,Yes,Yes,Yes
2749,女性,No,No,No,No,No,No
2750,女性,Yes,No,No,Yes,No,No
2751,男性,No,Yes,No,Yes,No,Yes
2752,女性,Yes,No,No,Yes,Yes,Yes
2753,女性,No,No,No,Yes,Yes,Yes
2754,女性,No,No,Yes,Yes,Yes,Yes
2755,女性,No,No,No,Yes,No,Yes
2756,男性,No,Yes,No,No,No,Yes
2757,女性,No,No,No,Yes,Yes,No
2758,男性,No,No,No,No,No,No
2759,女性,Yes,No,No,No,No,No
2760,女性,No,No,No,Yes,Yes,Yes
2761,女性,No,No,No,No,No,Yes
2762,女性,No,Yes,Yes,Yes,No,Yes
2763,男性,Yes,Yes,Yes,Yes,No,No
2764,女性,No,Yes,No,No,No,No
2765,女性,No,No,No,Yes,No,No
2766,女性,No,No,No,Yes,No,No
2767,女性,No,No,No,No,No,Yes
2768,男性,Yes,Yes,No,No,No,No
2769,女性,No,No,No,Yes,No,Yes
2770,女性,No,No,No,No,No,Yes
2771,女性,No,No,No,No,Yes,No
2772,女性,No,No,No,Yes,No,No
2773,男性,No,No,No,No,No,No
2774,女性,No,No,No,Yes,Yes,No
2775,女性,No,Yes,No,Yes,Yes,Yes
2776,女性,Yes,No,Yes,Yes,No,Yes
2777,女性,No,No,No,Yes,No,No
2778,女性,No,No,No,No,Yes,No
2779,女性,No,No,No,No,Yes,Yes
2780,女性,No,No,No,Yes,Yes,No
2781,女性,No,No,No,Yes,Yes,No
2782,男性,No,Yes,No,Yes,No,No
2783,女性,Yes,No,Yes,Yes,No,Yes
2784,女性,No,Yes,Yes,Yes,No,No
2785,男性,No,No,No,No,No,Yes
2786,女性,No,No,No,Yes,No,No
2787,男性,No,No,Yes,Yes,No,Yes
2788,男性,No,No,No,No,No,No
2789,男性,No,No,Yes,No,No,No
2790,女性,No,No,No,No,No,No
2791,女性,No,No,No,No,No,No
2792,女性,No,No,No,No,No,No
2793,男性,Yes,Yes,No,Yes,No,Yes
2794,女性,No,No,No,Yes,No,No
2795,女性,No,No,No,Yes,No,No
2796,女性,No,No,No,Yes,No,No
2797,男性,No,No,No,No,No,No
2798,男性,No,No,No,Yes,No,No
2799,女性,No,No,No,Yes,No,No
2800,女性,No,No,No,Yes,No,No
2801,女性,Yes,No,Yes,Yes,Yes,Yes
2802,女性,No,No,No,Yes,Yes,Yes
2803,男性,No,Yes,No,No,No,No
2804,女性,No,No,No,Yes,Yes,No
2805,女性,No,No,No,No,No,No
2806,女性,No,No,No,No,Yes,No
2807,女性,No,No,No,Yes,No,Yes
2808,女性,No,No,No,Yes,Yes,Yes
2809,女性,No,No,No,Yes,No,No
2810,女性,No,No,No,No,No,Yes
2811,男性,No,No,No,Yes,No,No
2812,女性,Yes,No,No,Yes,No,No
2813,女性,No,No,No,No,No,No
2814,男性,No,No,No,Yes,No,Yes
2815,女性,No,No,No,No,No,No
2816,女性,Yes,Yes,No,Yes,Yes,No
2817,男性,No,No,No,Yes,No,No
2818,女性,No,Yes,No,Yes,No,No
2819,女性,No,No,No,No,No,No
2820,男性,No,No,No,Yes,No,No
2821,男性,No,No,Yes,Yes,No,No
2822,女性,No,No,No,Yes,No,Yes
2823,女性,No,No,No,No,No,No
2824,女性,Yes,Yes,No,Yes,No,No
2825,男性,Yes,No,No,No,No,No
2826,男性,No,No,No,No,No,No
2827,女性,No,No,No,Yes,No,No
2828,女性,No,No,No,Yes,No,No
2829,女性,No,No,No,No,No,Yes
2830,女性,Yes,No,Yes,No,No,Yes
2831,男性,Yes,Yes,No,Yes,No,Yes
2832,男性,Yes,No,No,No,No,No
2833,女性,No,No,No,No,No,Yes
2834,女性,Yes,No,No,Yes,No,No
2835,男性,No,Yes,No,Yes,No,No
2836,女性,No,No,No,Yes,Yes,No
2837,女性,No,No,No,Yes,No,No
2838,男性,Yes,No,No,No,No,No
2839,男性,No,No,No,No,No,Yes
2840,男性,No,No,No,No,No,Yes
2841,女性,No,No,No,No,Yes,No
2842,女性,No,No,No,No,Yes,No
2843,女性,Yes,Yes,Yes,Yes,Yes,Yes
2844,男性,No,No,No,No,No,No
2845,女性,No,No,Yes,Yes,No,No
2846,男性,No,No,No,Yes,No,No
2847,女性,No,No,No,No,No,Yes
2848,女性,No,No,No,Yes,No,Yes
2849,男性,No,Yes,No,No,No,No
2850,女性,No,No,No,No,Yes,No
2851,女性,No,No,No,Yes,No,Yes
2852,女性,No,No,No,No,Yes,No
2853,女性,No,No,Yes,No,No,No
2854,男性,No,No,No,No,No,No
2855,男性,No,No,No,No,No,No
2856,女性,Yes,No,No,Yes,No,Yes
2857,女性,Yes,No,No,No,No,No
2858,女性,No,No,No,No,No,No
2859,女性,Yes,Yes,No,No,No,No
2860,男性,Yes,No,No,No,No,No
2861,女性,No,No,No,Yes,No,No
2862,女性,Yes,No,No,Yes,No,Yes
2863,男性,No,No,No,No,No,No
2864,女性,No,No,No,Yes,No,No
2865,男性,No,No,No,Yes,No,Yes
2866,男性,No,No,No,No,No,No
2867,女性,No,No,No,No,No,No
2868,女性,No,No,No,Yes,Yes,No
2869,女性,No,No,No,Yes,No,No
2870,女性,No,No,No,Yes,Yes,No
2871,男性,Yes,No,No,Yes,No,Yes
2872,女性,No,No,No,Yes,No,Yes
2873,女性,No,No,No,Yes,No,No
2874,女性,Yes,No,No,Yes,Yes,Yes
2875,女性,No,No,No,No,No,No
2876,女性,No,No,No,Yes,Yes,No
2877,女性,No,No,No,Yes,No,Yes
2878,女性,No,No,No,Yes,No,No
2879,女性,Yes,Yes,Yes,Yes,No,Yes
2880,女性,Yes,No,No,No,No,No
2881,女性,No,No,No,Yes,Yes,Yes
2882,女性,No,No,No,Yes,Yes,No
2883,女性,No,Yes,No,No,No,No
2884,女性,No,No,No,No,Yes,No
2885,女性,No,No,No,No,No,No
2886,男性,No,No,No,No,No,Yes
2887,女性,No,No,Yes,Yes,No,No
2888,女性,No,No,No,Yes,No,Yes
2889,女性,No,No,No,No,No,No
2890,女性,No,No,No,Yes,No,Yes
2891,男性,No,Yes,No,Yes,No,No
2892,女性,No,No,No,No,No,No
2893,女性,No,Yes,No,Yes,Yes,No
2894,女性,No,No,No,Yes,Yes,Yes
2895,女性,No,Yes,No,Yes,Yes,Yes
2896,女性,No,Yes,No,Yes,No,Yes
2897,女性,Yes,No,No,No,Yes,No
2898,女性,No,No,No,Yes,No,No
2899,女性,No,No,No,No,Yes,No
2900,女性,No,No,No,Yes,No,No
2901,女性,Yes,No,Yes,No,No,No
2902,女性,No,No,No,Yes,No,No
2903,女性,No,Yes,No,No,Yes,No
2904,女性,No,No,No,No,No,Yes
2905,女性,No,No,No,No,Yes,No
2906,女性,No,No,No,Yes,No,Yes
2907,男性,No,No,No,No,No,No
2908,女性,No,No,No,Yes,No,Yes
2909,男性,No,No,No,No,No,No
2910,男性,No,No,Yes,Yes,No,Yes
2911,男性,No,No,No,No,No,No
2912,女性,No,No,No,No,Yes,No
2913,女性,Yes,Yes,No,No,No,No
2914,男性,No,Yes,No,No,No,No
2915,女性,No,No,No,Yes,No,No
2916,女性,No,No,No,No,Yes,No
2917,男性,Yes,No,No,No,No,No
2918,女性,No,No,No,No,No,Yes
2919,女性,No,No,No,Yes,Yes,Yes
2920,女性,No,No,No,Yes,Yes,No
2921,女性,No,No,No,No,No,Yes
2922,女性,No,No,No,No,No,No
2923,女性,No,No,No,Yes,No,No
2924,男性,No,No,No,Yes,No,No
2925,男性,No,No,No,No,No,No
2926,男性,No,Yes,No,Yes,No,Yes
2927,女性,No,No,No,No,No,No
2928,男性,No,Yes,Yes,Yes,No,No
2929,男性,No,No,No,No,No,No
2930,女性,No,No,Yes,Yes,No,No
2931,女性,No,No,No,No,Yes,No
2932,女性,No,No,Yes,Yes,Yes,No
2933,女性,No,No,No,No,Yes,No
2934,女性,No,No,No,No,No,No
2935,女性,No,No,No,No,No,No
2936,女性,Yes,No,No,No,No,No
2937,男性,No,No,No,No,No,No
2938,女性,No,No,No,Yes,Yes,No
2939,女性,Yes,No,No,No,Yes,Yes
2940,女性,No,No,No,Yes,No,No
2941,女性,No,No,No,No,No,Yes
2942,女性,Yes,No,Yes,Yes,Yes,Yes
2943,女性,No,No,No,No,Yes,No
2944,男性,No,No,No,No,No,No
2945,女性,No,No,No,Yes,No,Yes
2946,男性,No,No,No,No,No,Yes
2947,女性,No,No,No,No,No,No
2948,女性,No,No,No,Yes,Yes,No
2949,女性,No,No,No,Yes,No,Yes
2950,男性,No,Yes,No,Yes,No,Yes
2951,女性,No,No,No,No,No,No
2952,女性,No,No,No,No,No,No
2953,女性,No,No,Yes,Yes,No,No
2954,男性,Yes,No,No,No,No,No
2955,男性,No,Yes,No,No,No,No
2956,女性,Yes,No,No,No,No,Yes
2957,女性,Yes,No,Yes,Yes,No,No
2958,女性,No,No,No,Yes,Yes,No
2959,女性,No,No,No,Yes,Yes,Yes
2960,女性,No,No,Yes,No,Yes,Yes
2961,男性,No,Yes,No,No,No,Yes
2962,男性,No,No,No,No,No,No
2963,男性,Yes,Yes,No,Yes,No,Yes
2964,男性,No,Yes,No,Yes,No,Yes
2965,男性,No,No,No,No,No,No
2966,女性,No,Yes,No,Yes,No,Yes
2967,女性,No,No,Yes,No,No,Yes
2968,女性,Yes,Yes,No,Yes,Yes,No
2969,女性,No,No,No,No,No,Yes
2970,男性,No,Yes,No,Yes,No,No
2971,女性,No,No,Yes,Yes,Yes,Yes
2972,男性,No,Yes,Yes,No,Yes,No
2973,女性,No,No,No,No,No,No
2974,男性,No,No,No,No,No,No
2975,女性,No,No,No,Yes,Yes,No
2976,女性,No,No,No,Yes,No,Yes
2977,女性,No,No,No,No,No,Yes
2978,女性,No,No,No,No,Yes,No
2979,男性,No,Yes,No,Yes,No,No
2980,女性,No,No,Yes,Yes,No,Yes
2981,女性,No,No,No,No,No,Yes
2982,女性,No,No,No,No,No,No
2983,男性,No,Yes,No,No,Yes,No
2984,女性,No,No,No,Yes,No,Yes
2985,女性,Yes,Yes,No,No,No,No
2986,男性,Yes,No,Yes,Yes,No,No
2987,女性,No,No,No,Yes,Yes,No
2988,女性,Yes,No,Yes,Yes,No,Yes
2989,女性,No,No,No,No,No,Yes
2990,女性,No,No,No,No,Yes,No
2991,男性,No,No,No,Yes,No,Yes
2992,男性,No,Yes,No,Yes,No,No
2993,男性,No,Yes,No,No,Yes,No
2994,男性,Yes,No,No,No,No,No
2995,女性,No,No,No,No,No,No
2996,女性,No,No,No,Yes,No,No
2997,女性,No,No,No,Yes,No,No
2998,女性,No,No,No,Yes,No,No
2999,女性,No,No,No,No,No,No
3000,男性,No,Yes,No,Yes,No,No
3001,女性,No,No,No,No,Yes,No
3002,女性,No,No,No,No,Yes,Yes
3003,女性,No,No,No,Yes,Yes,No
3004,女性,No,No,Yes,No,No,No
3005,男性,No,No,No,No,No,No
3006,男性,No,No,Yes,No,No,No
3007,女性,No,No,No,Yes,No,Yes
3008,女性,No,No,No,Yes,Yes,Yes
3009,女性,No,No,No,No,No,No
3010,男性,No,No,No,No,No,No
3011,女性,Yes,No,No,No,No,No
3012,女性,No,No,No,Yes,No,No
3013,女性,No,No,No,Yes,No,Yes
3014,男性,Yes,Yes,Yes,No,No,No
3015,女性,No,No,No,No,No,No
3016,女性,Yes,No,Yes,Yes,No,No
3017,女性,No,No,No,No,No,No
3018,男性,No,Yes,No,Yes,No,Yes
3019,女性,No,Yes,No,No,Yes,Yes
3020,女性,No,No,No,No,No,No
3021,女性,No,No,No,Yes,No,No
3022,女性,No,No,Yes,No,Yes,Yes
3023,女性,No,No,No,Yes,No,Yes
3024,女性,No,No,No,Yes,Yes,No
3025,男性,No,No,No,No,No,Yes
3026,女性,No,No,No,No,No,No
3027,男性,No,No,Yes,Yes,No,Yes
3028,女性,No,No,No,No,Yes,Yes
3029,男性,Yes,No,No,No,No,No
3030,女性,No,No,No,No,No,No
3031,女性,Yes,No,No,No,No,No
3032,女性,No,No,No,Yes,No,No
3033,女性,No,No,No,No,No,No
3034,女性,No,No,No,No,Yes,Yes
3035,男性,Yes,No,Yes,No,No,No
3036,男性,Yes,No,No,No,No,No
3037,女性,No,No,No,No,No,Yes
3038,女性,No,No,No,Yes,Yes,No
3039,女性,No,No,No,Yes,No,No
3040,女性,No,No,No,No,Yes,No
3041,女性,No,No,No,No,No,No
3042,女性,No,No,No,No,Yes,Yes
3043,女性,No,No,No,Yes,Yes,No
3044,女性,No,No,No,Yes,Yes,Yes
3045,女性,No,Yes,No,Yes,No,Yes
3046,男性,No,Yes,No,Yes,No,Yes
3047,女性,No,No,No,No,No,No
3048,女性,Yes,No,No,No,No,No
3049,女性,No,No,No,Yes,No,No
3050,女性,No,No,No,Yes,No,No
3051,女性,No,No,No,Yes,No,Yes
3052,男性,No,No,No,No,No,No
3053,男性,No,Yes,No,No,No,No
3054,男性,No,No,No,Yes,No,No
3055,女性,No,No,Yes,Yes,No,No
3056,女性,Yes,No,No,No,Yes,Yes
3057,女性,No,No,No,Yes,Yes,Yes
3058,女性,Yes,No,No,Yes,No,Yes
3059,女性,No,No,No,No,No,Yes
3060,女性,No,No,No,No,No,No
3061,男性,No,No,No,Yes,No,No
3062,女性,Yes,No,No,Yes,Yes,Yes
3063,女性,Yes,No,No,Yes,No,No
3064,女性,No,No,No,No,No,Yes
3065,女性,No,No,No,No,No,No
3066,女性,No,No,Yes,Yes,No,No
3067,女性,Yes,No,No,Yes,No,No
3068,男性,No,No,No,Yes,No,Yes
3069,男性,Yes,Yes,No,Yes,No,No
3070,女性,No,No,No,Yes,Yes,No
3071,男性,Yes,Yes,No,No,No,No
3072,女性,No,No,No,No,No,No
3073,男性,No,No,No,Yes,No,No
3074,男性,No,No,No,No,No,No
3075,女性,No,No,No,No,No,No
3076,男性,No,No,No,No,No,No
3077,男性,No,Yes,Yes,Yes,No,No
3078,女性,No,Yes,No,Yes,No,Yes
3079,女性,Yes,No,No,No,No,No
3080,女性,No,No,No,Yes,No,Yes
3081,女性,No,No,No,Yes,Yes,Yes
3082,男性,No,No,No,No,No,No
3083,女性,Yes,Yes,No,Yes,Yes,Yes
3084,女性,No,No,No,Yes,Yes,No
3085,女性,No,No,No,No,No,Yes
3086,女性,No,No,No,No,No,No
3087,女性,No,No,No,No,No,No
3088,女性,No,No,No,Yes,No,No
3089,男性,No,Yes,No,No,No,No
3090,男性,Yes,No,No,No,No,Yes
3091,男性,No,No,No,Yes,No,Yes
3092,男性,No,No,No,No,No,Yes
3093,女性,Yes,No,No,Yes,No,No
3094,女性,No,No,No,No,No,No
3095,男性,No,Yes,No,Yes,No,No
3096,女性,No,No,No,No,No,Yes
3097,女性,Yes,No,No,Yes,No,No
3098,女性,Yes,Yes,No,Yes,No,Yes
3099,男性,No,No,Yes,No,No,No
3100,女性,No,No,Yes,No,Yes,No
3101,女性,No,Yes,No,Yes,No,No
3102,男性,No,No,No,No,No,Yes
3103,女性,No,No,No,Yes,No,No
3104,男性,No,Yes,No,Yes,No,No
3105,女性,No,Yes,No,Yes,No,Yes
3106,女性,No,Yes,No,Yes,Yes,Yes
3107,女性,No,No,No,Yes,No,No
3108,女性,No,No,No,No,Yes,No
3109,男性,No,No,No,No,No,No
3110,男性,Yes,Yes,No,Yes,No,No
3111,女性,No,No,No,No,No,No
3112,女性,No,No,No,No,No,No
3113,女性,No,No,No,Yes,No,No
3114,女性,No,No,No,No,No,No
3115,女性,No,No,No,Yes,Yes,No
3116,女性,No,No,No,Yes,Yes,No
3117,女性,Yes,No,No,No,No,No
